#{"t_start": 1715901211.6112103, "env_id": "DiscreteSteps-v0"}
r,l,t
1.994236,7,1.231303
-9.472526,8,1.960082
-3.817838,7,2.587851
-9.393175,6,3.137024
-40.056563,10,4.459067
-13.449127,10,5.410178
-29.759662,20,7.801653
-19.935637,10,8.727067
-9.095864,9,9.593965
-17.619153,9,10.4089
3.827257,10,11.81465
-11.668809,6,12.367585
-5.400422,5,12.827551
-15.659385,10,13.762523
-11.576931,5,14.681322
-9.058086,5,15.147266
-7.526177,4,15.651105
-22.676868,11,16.671226
-9.02756,8,17.462209
-8.564991,3,18.106352
-0.924102,6,18.643242
-6.588657,5,19.10604
-12.865518,10,20.04653
-7.85627,4,20.415671
1.131909,4,20.798062
-0.641616,16,22.710915
-5.746331,4,23.078428
-11.611423,6,23.63498
-2.226055,5,24.116074
-0.789105,6,25.029662
-10.607705,9,25.853014
2.932501,8,26.588464
-21.365174,12,28.068105
-8.374762,18,29.741328
-3.995406,5,30.178801
-1.688227,3,30.47551
-11.050513,16,32.54073
-11.121597,10,33.457593
-8.265718,5,33.921783
-4.538258,4,34.288572
-7.243409,5,35.10477
-6.556879,5,35.591443
-1.024499,5,36.05983
2.390334,7,36.707985
-4.046735,6,37.250366
-15.833157,14,38.976223
-5.178728,4,39.384413
-0.355481,3,39.678566
-4.32798,7,40.328928
-3.422975,3,40.700661
9.08156,8,41.886172
-15.587821,14,43.148153
-37.040336,20,45.407065
-1.212192,3,45.675947
-4.548778,5,46.1429
-6.597558,6,46.681176
3.684591,8,47.373411
-21.134601,12,48.871823
-11.310945,6,49.392453
9.708505,14,50.586088
1.151593,10,52.062371
-0.782261,5,52.512245
-10.480959,7,53.192765
-7.554186,4,53.525224
-6.238231,5,53.945616
0.09466,7,54.604359
11.732146,20,56.694225
13.660301,14,58.268465
17.683463,13,59.371078
-11.216651,12,60.444874
11.302725,12,61.892556
12.065377,13,63.076275
7.04145,10,63.920909
-0.311252,16,65.76264
-9.443018,20,67.848516
16.806575,20,69.587869
27.068418,20,71.808391
12.262746,16,73.197099
0.502145,8,74.340123
-3.981507,8,75.027961
0.18682,20,76.741122
11.913584,20,78.832585
24.465263,20,80.988277
6.968951,12,82.000933
-17.614116,20,84.080929
6.78514,13,85.247107
-12.188588,15,86.994773
12.754745,16,88.341069
-8.57998,20,90.55109
-6.433185,14,91.785043
-18.5246,20,94.00294
10.612583,20,95.725694
-0.29729,7,96.745071
-17.997472,17,98.171169
13.576181,20,100.320909
7.528466,19,102.022327
19.177471,20,104.233233
14.867742,20,106.308833
-24.268835,20,108.014895
-1.082861,7,108.614168
5.032884,7,109.615285
24.776446,20,111.379822
18.225331,20,113.535504
12.496703,20,115.603922
-2.849592,20,117.398583
11.571188,20,119.819796
9.239863,20,121.498991
-18.038961,20,123.736984
-12.646917,14,124.910104
-17.816558,20,127.014854
7.305429,20,129.157753
4.713112,20,130.86652
-1.373239,20,133.060783
0.597237,20,135.141903
7.691528,20,136.848253
18.265594,20,138.915664
12.201207,20,140.656393
2.411749,20,142.917925
-22.3066,20,144.98415
6.522517,20,146.678109
39.730436,20,148.764853
-14.757561,20,150.870959
8.542388,20,152.571641
5.151987,20,154.648304
-3.15688,20,156.350636
-16.671524,18,158.244102
37.689909,20,160.365963
14.757127,20,162.064767
14.051551,20,164.164576
14.554191,20,166.229799
5.915757,17,167.796598
10.850542,20,169.869977
-2.519513,20,171.561981
1.765192,20,173.628421
-22.380336,20,175.723705
13.801179,20,177.466949
14.877572,20,179.655116
18.935715,20,181.355919
-6.564791,20,183.436725
9.01644,20,185.565263
15.19995,20,187.332665
-9.765207,20,189.491134
-18.177289,20,191.647289
-1.651686,7,192.290669
31.459724,20,193.959931
11.857812,20,196.050767
15.655189,20,198.145064
26.808843,20,199.818665
12.823883,20,201.957733
-8.145282,20,204.055028
26.668572,20,205.765429
38.304111,20,207.974301
13.667356,20,209.666872
2.316103,20,211.735149
19.764534,20,213.88819
17.218477,20,215.671305
12.013125,20,217.715575
39.029254,20,219.814136
11.572264,20,221.490887
6.873895,20,223.584055
10.092874,20,225.30656
11.759877,20,227.470947
15.061731,20,229.572052
11.350488,20,231.351238
13.271586,20,233.435344
38.100281,20,235.8636
-12.355408,20,237.603924
26.866564,20,239.750167
-3.051169,20,241.531779
4.812684,20,243.642059
24.331749,20,245.772513
5.284567,20,247.47987
-15.185802,12,248.862768
-12.385115,11,249.825588
-7.06029,8,250.488596
33.37803,20,252.570641
13.075211,20,254.280439
9.250807,20,256.356897
-28.31473,20,258.496315
17.454372,20,260.237259
11.469681,20,262.342119
10.927778,20,264.543529
3.302811,20,266.269693
8.374604,20,268.477303
-1.863381,11,269.426811
10.150647,20,271.57398
8.201813,20,273.284117
17.599317,20,275.336816
27.383294,20,277.39399
-0.324788,19,279.009847
-3.710098,20,281.168132
7.404574,20,283.249692
11.873884,20,284.990183
39.115334,20,287.060899
38.868517,20,288.760521
9.311051,20,290.804098
14.444705,20,292.929739
31.612229,20,294.666193
-14.484165,20,296.729687
25.600611,20,298.856087
-7.889748,11,299.843809
13.103406,20,302.020599
15.912153,20,303.742447
6.413766,20,305.835083
16.821756,20,307.510349
39.751017,20,309.611691
39.548894,20,311.685676
12.39953,20,315.360198
5.556707,20,317.519671
16.308019,20,319.702633
19.93169,20,321.410042
18.10506,20,323.535912
14.220231,20,325.284024
-18.421577,20,327.373743
34.617733,20,329.448667
14.948149,20,331.223267
39.629689,20,333.490888
12.778373,20,335.534826
-0.908739,20,337.22783
9.494698,20,339.320232
27.785994,20,341.052081
5.810165,14,342.72723
16.469858,20,344.41901
9.131569,20,346.589553
22.702411,20,348.856308
-7.838263,8,349.559911
12.21659,20,351.694441
17.047088,20,353.443337
12.707205,20,355.561941
23.71681,20,357.2781
-2.716454,5,358.09253
8.525034,20,359.884926
39.490735,20,361.910712
2.537387,20,363.623269
7.071411,20,365.728232
18.597047,20,367.781042
6.10111,15,369.082065
18.033771,20,371.226518
5.897557,20,372.973111
25.944738,20,375.064414
6.51241,20,377.154664
26.359993,20,378.887791
17.920017,20,380.951728
1.78521,20,383.146817
38.818509,20,384.830585
18.165797,20,386.885976
12.596997,20,388.594375
0.369855,20,390.842167
18.314906,20,392.905138
8.300696,20,394.663846
20.400139,20,396.852479
33.627787,20,398.956872
32.469174,20,400.723146
6.649431,20,402.853729
12.953092,20,404.561056
14.162711,20,406.711848
34.614337,20,408.840217
15.540469,20,410.561463
24.593027,20,412.659979
17.518975,20,414.699552
39.05482,20,416.383027
23.615113,20,418.454129
34.194169,20,420.114379
18.539619,20,422.140958
14.330796,20,424.190849
-4.093354,15,425.513982
38.356848,20,427.669804
14.641671,20,429.355981
27.464037,20,431.394706
-3.949977,6,431.92564
17.901999,20,434.124193
19.163815,20,435.81219
13.812605,20,437.845131
32.201385,20,439.901824
-9.279362,9,440.670882
3.550862,20,442.739883
23.309262,20,444.44001
10.997042,20,446.71783
-8.234225,4,447.044795
19.156316,20,449.16839
17.70957,20,450.833233
11.258401,20,452.880263
14.284482,20,454.922491
15.205245,20,456.619633
14.872197,20,458.69416
39.698099,20,460.452097
16.46304,20,462.549995
9.208959,20,464.652258
15.635929,20,466.356386
18.256454,20,468.403383
28.495739,20,470.455251
18.921701,20,472.167681
29.130957,20,474.291799
13.710442,20,475.984237
12.124851,20,478.063123
27.173416,20,480.130046
19.705332,20,481.8273
17.256364,20,483.885515
-3.364581,10,484.746444
28.298257,20,486.83076
9.28295,20,488.543285
13.794847,20,490.63813
16.55807,20,492.736936
14.786514,20,494.434536
11.292503,20,496.508082
9.067995,20,498.579509
33.542297,20,500.292886
-2.241971,6,500.816525
28.750394,20,502.913353
-0.279514,7,503.510312
8.510099,12,505.08428
-5.796871,4,505.515384
11.763615,20,507.464344
13.605335,20,511.503207
12.971509,20,515.500159
17.334905,20,517.622772
34.422175,20,521.468937
30.641003,20,523.498889
30.214038,20,527.250971
-2.993358,7,527.930784
39.773772,20,531.771729
-7.820579,6,532.439767
6.574985,20,536.528396
17.159663,20,538.592018
-7.724069,12,541.599924
14.067334,20,543.636627
8.709252,20,547.347688
7.794013,20,550.98166
35.302789,20,553.018156
18.543364,20,556.908885
8.91311,20,560.849729
11.228313,20,563.022459
29.792198,20,567.010354
6.892392,20,569.107094
11.966405,20,573.288843
29.419442,20,577.310798
-1.81191,9,578.319855
16.473149,20,582.017981
29.986807,20,584.132979
12.982453,20,587.79995
10.113909,20,589.957911
14.235672,20,593.91486
5.5574,20,598.000885
39.723145,20,600.133722
26.72736,20,603.978445
14.567263,20,607.976201
18.091052,20,610.197271
21.316854,20,613.999756
12.099828,20,616.163782
0.660969,20,620.202786
9.245624,20,624.214054
35.479779,20,626.310091
37.570941,20,628.394211
10.968768,20,630.455691
9.319296,20,632.130961
4.62867,14,633.680109
10.259782,20,635.394055
6.091569,20,637.438278
4.47388,20,639.121399
34.373554,20,641.164932
14.98103,20,643.254477
32.721982,20,645.001533
15.369584,20,647.039542
19.218034,20,649.143761
15.922692,20,650.840329
15.734769,20,652.901121
12.541053,20,654.602352
18.838564,20,656.658064
22.870191,20,658.694201
29.749743,20,660.401781
28.406464,20,662.538586
12.453949,20,664.569722
37.904678,20,666.238774
16.275957,20,670.168767
22.314261,20,671.858628
32.28217,20,673.946902
-6.790163,7,674.564779
28.09668,20,676.612935
34.969367,20,678.769711
39.752317,20,680.459855
33.552508,20,682.563763
35.822931,20,684.671376
39.778538,20,688.7442
12.088676,20,692.582051
10.150615,20,694.68008
2.6149,20,698.750064
-4.959387,5,699.296473
38.647287,20,703.273847
24.311185,20,705.424524
12.477796,20,709.623724
25.80611,20,713.618883
15.325112,20,715.695692
1.549804,20,719.738539
38.857315,20,721.835005
11.388687,20,725.905079
15.903808,20,729.670435
12.713645,20,731.785675
39.011673,20,735.857471
30.57675,20,740.029721
29.239417,20,742.179745
39.768924,20,746.270007
30.631674,20,748.410639
19.595154,20,752.520002
39.097148,20,756.561937
29.846886,20,758.670832
34.702715,20,762.553832
19.238551,20,766.147928
30.651979,20,768.242741
24.877201,20,772.430246
11.522501,20,774.570405
30.567236,20,778.711483
2.707328,20,782.804704
9.939937,20,784.928361
39.096796,20,788.625277
29.597409,20,792.360215
8.238773,20,794.453819
15.991357,20,798.31185
18.240531,20,800.397187
11.132236,20,804.547578
5.004063,20,808.430255
29.952076,20,810.53235
16.283615,20,814.516153
11.479599,20,818.549627
33.269527,20,820.725505
20.780574,20,824.633868
30.243163,20,826.821566
15.524123,20,830.73459
16.445789,20,834.78809
13.909188,20,836.932413
20.250689,20,841.095387
9.417609,20,845.248275
13.369846,20,847.401865
-14.142124,10,850.358291
29.342278,20,852.517804
34.546185,20,856.379385
12.848667,20,858.47231
11.179469,20,862.443907
6.845336,20,866.262703
36.617722,20,868.391419
26.800751,20,872.480726
8.016532,20,876.567778
23.351136,20,878.76012
24.137033,20,882.977808
32.563299,20,885.108653
21.663953,20,889.142804
11.167351,20,893.14074
25.754806,20,895.221709
34.082804,20,899.219378
-5.900783,4,899.658247
36.357265,20,903.81022
10.052766,20,905.919774
17.019377,20,909.970394
38.062696,20,914.146374
12.077721,20,916.271585
11.587065,20,920.414751
33.293069,20,922.506621
14.641374,20,926.528005
20.497395,20,930.79461
16.176928,20,932.935779
5.737741,20,936.687296
39.190916,20,940.794256
24.580894,20,942.906501
16.304093,20,947.004916
16.161788,20,949.110865
34.027406,20,953.281621
27.117964,20,957.230519
36.420319,20,959.31851
20.394871,20,963.42447
27.117446,20,967.507188
21.304953,20,969.604633
30.729573,20,973.550197
6.215012,20,975.701035
35.56221,20,979.876717
30.66511,20,983.66355
16.260962,20,985.778586
10.471355,20,989.605269
25.7845,20,993.333681
30.527288,20,995.487945
26.476757,20,999.714406
-7.529058,5,1000.235921
15.392382,20,1003.981467
14.418098,20,1006.05247
29.883045,20,1010.013896
29.395868,20,1012.074688
19.764614,20,1015.956825
4.583779,11,1017.170012
-5.198078,20,1021.466295
18.32643,20,1025.296888
34.181253,20,1027.394761
-0.330893,20,1031.58774
36.806406,20,1035.607218
28.425304,20,1037.705847
14.874516,20,1041.751028
4.948591,20,1043.829922
26.301202,20,1047.799752
24.798925,20,1051.88039
39.055013,20,1053.996999
10.178301,20,1058.056922
34.34871,20,1061.851038
28.926683,20,1063.93534
16.51796,20,1067.748572
33.639995,20,1069.85547
39.773664,20,1073.776326
34.49092,20,1077.594973
11.245214,20,1079.630377
38.250883,20,1083.717264
35.926197,20,1087.778294
10.562602,20,1089.926756
15.336556,20,1094.01737
15.875552,20,1096.172371
1.567441,20,1100.092741
24.239957,20,1103.950126
13.587018,20,1105.986403
18.532142,20,1109.741159
34.730623,20,1113.46475
-11.908988,20,1115.564862
33.333491,20,1119.321852
28.065099,20,1121.407954
7.825935,20,1125.437979
28.46647,20,1129.189882
30.766489,20,1131.268319
16.025541,20,1135.066817
11.874884,20,1138.895997
10.345942,20,1140.950218
14.730439,20,1145.008042
19.184891,20,1147.104295
23.681611,20,1150.638067
39.793945,20,1154.741154
31.071775,20,1156.836449
13.119357,20,1160.824273
32.266454,20,1164.67744
8.044874,20,1166.776227
9.552996,17,1170.467136
6.661512,20,1172.58292
8.838778,20,1178.682947
21.820143,20,1182.679776
39.739158,20,1184.734159
26.586852,20,1188.776068
23.384842,20,1190.832125
23.600815,20,1194.761196
15.571524,20,1198.354754
16.890676,20,1200.477874
34.282323,20,1204.545972
24.389737,20,1208.581157
10.628762,20,1210.683442
25.737236,20,1214.800909
18.356254,20,1216.916368
15.557897,20,1221.064379
23.090211,19,1224.833598
19.123103,20,1226.951185
32.825926,20,1231.077204
29.652892,20,1235.062588
25.082701,20,1237.126524
34.659211,20,1241.105116
34.754205,20,1243.190335
27.172441,20,1247.000095
16.092936,20,1250.846228
29.581022,20,1252.912753
38.82807,20,1256.900688
27.287641,20,1261.242278
12.350835,20,1263.401792
30.784943,20,1267.405567
33.179171,20,1269.48417
29.066037,20,1273.719939
12.107745,20,1277.872645
11.587899,20,1279.970584
24.000777,20,1284.130017
0.341851,20,1288.283843
18.389765,20,1290.46064
13.958207,20,1294.695675
39.332761,20,1296.869349
33.965468,20,1300.987937
21.91346,20,1304.952555
38.819419,20,1307.087415
38.494043,20,1311.031202
38.162515,20,1314.979513
-7.807605,7,1315.757769
16.412387,20,1317.890025
30.259542,20,1322.06452
28.706555,20,1326.258614
22.673303,20,1328.390774
30.197505,20,1331.980656
28.036268,20,1335.970549
12.746245,20,1338.186725
21.08301,20,1342.40956
29.766127,20,1344.529356
39.211579,20,1348.669752
6.408299,20,1352.549974
32.700627,20,1354.651066
19.394301,20,1358.669656
27.390409,20,1362.585243
9.24117,20,1364.779327
23.359604,20,1369.070384
27.502092,20,1371.197852
29.046101,20,1374.83488
23.169023,20,1379.037903
22.03059,20,1381.141827
16.981192,20,1385.230065
38.881925,20,1389.251549
38.514808,20,1391.467956
32.906682,20,1395.529847
-7.995891,4,1395.962721
23.497921,20,1400.015839
33.193682,20,1402.231577
36.538212,20,1406.407807
27.436337,20,1408.509604
11.672574,20,1412.58556
32.968894,20,1416.595889
25.846085,20,1418.689445
39.02721,20,1422.531055
-8.405173,4,1422.981282
15.105341,18,1426.582855
28.659309,20,1428.775635
18.955601,20,1432.992085
33.988394,20,1435.14795
11.605684,20,1439.312214
34.123095,20,1443.459369
24.861172,20,1445.652857
6.258976,9,1448.610158
21.220535,20,1450.723539
25.292857,20,1454.717253
29.077823,20,1456.865624
29.43455,20,1460.651367
26.178295,20,1464.510364
38.054208,20,1466.606716
39.050719,20,1470.418585
22.423669,20,1474.440902
19.163452,20,1476.662399
18.181852,20,1480.530216
31.932587,20,1482.582336
32.073495,20,1486.460829
34.294539,20,1490.200344
13.960463,20,1492.261734
25.399117,20,1496.093393
29.734569,20,1500.199854
3.738132,9,1501.159799
34.123048,20,1505.217989
28.586414,20,1507.439416
8.607071,20,1511.579657
38.118534,20,1513.669535
16.008156,20,1517.806264
25.166399,20,1521.959627
2.724058,7,1522.669169
23.013106,20,1524.742373
26.327073,20,1528.928046
36.728972,20,1532.731085
-7.712678,5,1533.279658
37.627932,20,1537.182677
39.099771,20,1539.395906
22.480778,20,1543.059875
13.180299,20,1545.205703
8.386077,20,1549.393491
-4.261044,5,1549.939926
16.906986,20,1553.899864
22.124172,20,1556.033721
30.735264,20,1560.045108
-5.964178,17,1564.154585
12.63747,20,1566.315423
34.763825,20,1570.257343
17.467522,20,1572.397108
35.508445,20,1576.401199
27.160293,20,1580.394155
12.342745,20,1582.549745
39.682367,20,1586.508028
36.770668,20,1590.651324
29.148477,20,1592.758251
1.818052,20,1596.762405
36.669835,20,1598.842451
24.057199,20,1602.949953
31.514252,20,1607.063495
34.988454,20,1609.133131
26.881731,20,1613.164398
18.832769,20,1617.041042
31.671903,20,1619.121937
13.297799,20,1623.087552
37.537674,20,1625.179806
29.253735,20,1629.301822
26.840998,20,1633.00854
34.624897,20,1635.118453
39.174868,20,1638.869499
33.775899,20,1642.601882
12.684762,20,1644.686993
29.735381,20,1649.025429
36.226636,20,1651.148457
33.747781,20,1654.303065
29.952838,20,1658.052732
20.083808,20,1660.128253
25.040491,20,1663.836333
26.603068,20,1667.597536
22.002203,20,1669.713774
30.806642,20,1673.651976
12.755986,20,1675.732913
37.991362,20,1679.473693
30.243725,20,1683.317602
33.803119,20,1685.430826
33.186781,20,1689.441346
1.737622,5,1689.960713
-4.001404,6,1692.812422
39.735939,20,1696.663522
27.052898,20,1700.46466
15.729297,20,1702.535929
26.800398,20,1705.245549
30.474748,20,1707.314431
33.660542,20,1711.225056
16.580979,20,1714.927995
39.57948,20,1716.96448
24.339592,20,1720.494221
24.981709,20,1724.362594
37.288157,20,1726.44423
31.942081,20,1730.532769
36.316602,20,1732.574974
24.607638,20,1736.256047
26.310532,20,1739.985337
32.77984,20,1742.068023
18.065048,20,1745.789625
25.660994,20,1749.497842
38.874586,20,1751.492886
39.690477,20,1754.908263
8.342376,20,1756.964525
37.409202,20,1760.593691
13.953273,20,1764.134698
2.282912,6,1764.735829
16.529629,20,1766.742242
25.631284,20,1770.369266
37.258077,20,1773.911343
28.491808,20,1776.102253
15.161381,20,1780.191494
17.382958,20,1783.804086
-5.636186,6,1784.423162
27.535761,20,1786.431826
0.232833,11,1789.469188
23.985084,20,1791.51386
17.49214,20,1795.151753
14.278487,20,1798.775793
23.082197,20,1800.87053
26.406881,20,1804.658202
28.657966,20,1808.369504
-3.55017,7,1809.112151
25.397926,20,1811.150476
36.002519,20,1814.835108
10.679776,20,1818.601537
11.718783,20,1820.671607
9.078397,20,1824.389201
39.101816,20,1826.493165
35.041892,20,1830.321698
20.915815,20,1834.144479
30.906511,20,1836.168055
30.424313,20,1838.198252
25.322155,20,1840.221884
39.644444,20,1841.909912
29.372757,20,1844.170705
32.548585,20,1845.903836
39.592208,20,1848.195573
-15.4234,4,1848.603168
24.228997,20,1852.257374
20.328563,20,1854.295428
-4.068777,6,1856.443424
20.310817,20,1858.451609
28.788373,20,1862.157093
34.588559,20,1865.915719
32.240438,20,1868.013276
39.02011,20,1871.655192
1.2137,20,1873.750341
23.247295,20,1877.513224
16.105277,20,1881.320353
39.70127,20,1883.398175
26.754255,20,1887.017579
-6.724,3,1887.350203
13.254207,20,1891.009191
25.420736,20,1893.115785
27.524539,20,1896.849192
21.293797,20,1900.486686
-4.126145,4,1900.923767
28.871018,20,1902.952033
37.645017,20,1906.5324
31.985724,20,1910.253301
20.181422,20,1912.324145
14.743231,20,1916.014613
37.915894,20,1918.123785
29.858616,20,1921.817821
26.488107,20,1925.839593
4.240059,9,1926.815468
17.466971,20,1930.62451
27.276392,20,1932.689196
17.285104,17,1936.043954
1.625935,14,1937.495668
27.934794,20,1941.191978
38.417373,20,1943.319955
38.799731,20,1946.931431
30.845421,20,1950.732714
11.798926,20,1952.795867
27.930821,20,1956.417735
17.819616,20,1960.026289
16.432849,20,1962.048044
28.121897,20,1965.782423
33.201698,20,1967.78951
15.154921,20,1971.47928
-4.015916,7,1972.178996
23.047799,20,1975.935972
34.938556,20,1978.00235
33.187901,20,1981.752575
14.194686,13,1984.783139
28.97254,20,1986.890151
38.425015,20,1990.701993
15.95385,20,1992.774166
33.584771,20,1996.499262
23.646289,20,2000.093161
17.423604,19,2002.003009
-5.694869,7,2002.69237
23.606725,18,2006.156874
26.946412,20,2009.8866
19.773896,20,2011.910866
33.724391,20,2015.399574
20.601474,20,2019.026486
38.660414,20,2021.05278
30.966596,20,2024.821313
-5.953747,6,2025.445318
38.932749,20,2029.129084
37.985895,20,2031.140182
29.43297,20,2034.700328
39.10821,20,2036.833869
17.651145,20,2040.66242
13.415476,20,2044.670171
34.456949,20,2046.767524
39.510967,20,2050.525362
25.427866,20,2054.447448
19.000669,20,2056.593317
0.316146,13,2059.694934
29.902493,20,2061.785684
25.369792,20,2065.579365
39.775311,20,2067.709534
24.398548,20,2071.65124
3.256701,20,2075.39891
21.148602,20,2077.524521
38.993994,20,2081.293946
27.374508,20,2085.071876
24.858548,20,2087.129222
37.693069,20,2091.034467
28.483877,20,2093.077039
18.299451,20,2097.02954
34.715982,20,2100.421576
25.307464,20,2102.456841
12.110476,20,2105.675746
24.746656,20,2109.660131
28.492892,20,2111.844745
18.140685,16,2115.356225
3.446003,11,2116.48367
15.883992,20,2120.07422
27.111075,20,2122.087873
36.390905,20,2125.841632
36.820995,20,2129.894295
38.471792,20,2132.012659
36.671583,20,2135.985914
34.710199,20,2138.045711
0.324399,5,2140.295508
36.366902,20,2142.332213
12.760122,20,2146.097194
19.78429,20,2148.142019
38.211526,20,2151.851393
26.354723,20,2155.497242
39.054098,20,2157.559247
30.99859,20,2161.594165
25.595637,20,2165.440144
27.584631,20,2167.527347
30.673285,20,2173.445126
26.302513,20,2175.565121
27.218146,20,2178.52995
30.665645,20,2182.701772
37.811664,20,2184.796808
38.415451,20,2188.579591
21.534214,20,2192.362159
33.440979,20,2194.537746
29.800072,20,2198.352181
1.602939,20,2200.414284
36.205301,20,2204.201879
31.181096,20,2207.867602
35.325137,20,2209.93969
19.006284,20,2213.643109
26.648296,20,2217.734998
26.074588,20,2219.773235
19.535726,20,2223.546818
10.585318,13,2224.964871
39.170353,20,2228.895838
20.663103,20,2232.69647
30.822279,20,2234.826359
24.868221,20,2238.39328
31.729599,20,2240.499271
34.588157,20,2244.280123
38.926882,20,2248.067807
20.436041,20,2250.173006
21.234077,20,2253.972905
35.120692,20,2257.937542
14.629667,20,2260.195177
38.721838,20,2264.242141
34.312399,20,2266.329544
39.562647,20,2270.440193
28.382677,20,2274.347913
28.95076,20,2276.40177
27.598211,20,2280.457716
27.236765,20,2284.347205
28.860009,20,2286.553303
15.870076,20,2290.778227
9.642916,20,2292.920279
38.447983,20,2296.882699
16.14697,20,2300.463651
27.900573,20,2302.561897
22.983394,20,2306.271495
39.747053,20,2310.286316
39.676757,20,2312.450827
27.585313,20,2316.318898
17.283326,20,2318.427826
24.687069,20,2322.277288
-7.4623,7,2323.024224
-3.661445,8,2323.862265
35.944152,20,2328.010842
15.384744,20,2331.962495
28.810789,20,2334.039332
32.319652,20,2338.122561
32.620657,20,2342.059392
39.607203,20,2344.15131
37.621665,20,2348.119589
20.869717,20,2350.208167
5.485829,8,2353.01674
20.365356,20,2355.112317
33.94675,20,2358.899537
34.328697,20,2362.909281
34.956784,20,2365.049249
38.342264,20,2368.909112
27.596527,20,2371.023277
39.484792,20,2375.103905
8.986185,20,2379.012983
30.890364,20,2381.124108
39.702972,20,2385.034568
27.502333,20,2388.863667
-2.242216,3,2389.202529
33.807176,20,2391.29959
32.491466,20,2395.106178
17.380734,20,2398.877553
31.457426,20,2400.950994
23.73812,20,2404.932285
24.671868,20,2407.038891
25.3633,20,2410.828176
39.000083,20,2414.644964
23.78468,20,2416.789983
27.600684,20,2420.511902
25.548831,20,2424.337102
33.710419,20,2426.412567
33.951149,20,2430.166804
16.037963,20,2432.267798
26.74183,20,2436.076328
26.967367,20,2440.071597
33.327944,20,2442.135271
28.900571,20,2446.049783
30.932039,20,2449.770548
1.162811,6,2450.405992
28.347339,20,2452.427203
34.823883,20,2456.15532
35.667969,20,2459.93075
30.708956,20,2461.994101
33.886456,20,2465.828833
30.738705,20,2469.533888
14.078517,16,2471.24323
36.617248,20,2475.205164
30.86308,20,2477.302144
39.570387,20,2481.214643
-1.505044,3,2481.522681
32.074975,20,2485.282051
27.655758,20,2487.32512
25.085294,20,2491.125362
39.674318,20,2493.224169
27.227073,20,2497.140213
34.216405,20,2501.10099
12.400095,20,2503.171504
35.698701,20,2507.11238
30.513371,20,2511.142952
20.602626,20,2513.250066
37.524887,20,2517.138929
-10.397697,5,2517.707392
24.155751,20,2521.536379
27.700521,20,2523.692928
23.997148,20,2527.61611
26.152387,20,2531.715707
33.889372,20,2533.932502
8.325366,14,2537.426079
24.749444,20,2539.517613
17.301378,20,2543.604755
31.788007,20,2545.757026
39.145176,20,2549.834797
9.740549,13,2551.199138
3.752217,20,2555.205909
39.753961,20,2559.226124
27.926396,20,2561.339661
29.746804,20,2565.4534
-0.9964,4,2565.880301
38.496074,20,2569.627523
29.003477,20,2571.713331
31.745634,20,2575.791125
33.508228,20,2579.667529
1.174108,7,2580.373748
19.535311,20,2582.502538
7.363431,13,2585.910462
28.342544,20,2588.0235
36.80114,20,2592.085405
20.517658,20,2595.912483
34.339747,20,2597.983538
36.563463,20,2602.047088
-22.036467,20,2605.900139
9.72161,20,2608.022037
33.98668,20,2611.957002
30.293255,20,2614.079501
35.416897,20,2618.115869
36.762743,20,2622.056941
35.902013,20,2624.13573
30.957849,20,2628.110254
25.68797,20,2631.836178
36.81441,20,2633.931055
23.868674,20,2637.807526
37.362992,20,2639.911788
31.018607,20,2644.151026
36.787412,20,2648.40545
34.730913,20,2650.535658
36.408485,20,2654.657735
39.424963,20,2658.525882
13.590823,20,2660.668792
36.119214,20,2664.822806
34.474509,20,2666.982492
28.526399,20,2671.383093
16.539393,20,2675.222865
35.468049,20,2677.321784
0.896683,20,2683.639296
21.233437,20,2687.38799
17.454157,20,2689.494626
2.942256,7,2690.229212
27.069007,20,2694.086557
38.234723,20,2697.883012
15.12244,14,2699.377857
34.038169,20,2702.749195
31.535983,20,2704.834413
25.806669,20,2708.79965
11.737699,20,2712.829806
8.880628,19,2714.784719
35.546298,20,2718.52747
30.377146,20,2720.622828
32.098535,20,2724.438654
38.622693,20,2728.290727
30.547986,20,2730.372343
35.22224,20,2734.30474
20.433392,20,2738.255221
20.473289,20,2740.425461
39.682498,20,2744.392282
30.833492,20,2746.477168
36.217144,20,2750.310472
26.78479,20,2754.297395
30.692181,20,2756.360845
31.712983,20,2760.425312
19.855562,20,2764.371098
29.647774,20,2766.514241
0.054949,7,2767.246541
34.89389,20,2771.399418
22.34762,20,2775.291669
39.131883,20,2777.439513
30.727682,20,2781.565135
34.000258,20,2785.629997
38.740875,20,2787.749623
0.907362,5,2788.303203
27.618632,20,2792.40171
29.974175,20,2796.333621
11.28108,20,2798.437165
37.915936,20,2802.359576
33.819396,20,2804.435432
25.654979,20,2808.386873
33.816287,20,2812.326943
32.927409,20,2814.404607
33.242972,20,2818.328737
29.995709,20,2822.293098
33.703858,20,2824.38942
18.282655,20,2828.530017
15.448376,20,2830.687963
32.575947,20,2834.600633
31.50654,20,2838.583298
29.748252,20,2840.674985
28.072088,20,2844.849231
16.785482,20,2848.529991
27.977242,20,2850.611967
39.477838,20,2854.584913
29.364029,20,2856.664577
36.505552,20,2860.639379
31.989268,20,2864.549726
25.143248,20,2866.673714
34.020724,20,2870.573912
13.686924,20,2874.763438
-1.194735,5,2875.290213
30.813875,20,2877.418992
26.893979,20,2881.604469
18.4722,20,2885.471797
39.723532,20,2887.602244
24.569918,20,2891.438714
35.296341,20,2895.525264
33.7644,20,2897.782373
20.134004,20,2901.788828
24.934883,20,2904.015883
18.753991,20,2908.134233
23.23919,20,2912.065493
28.436586,20,2914.155797
34.029642,20,2918.249349
8.88118,20,2922.081763
39.653162,20,2924.217058
26.043501,20,2928.084617
-0.169007,3,2928.411633
39.765723,20,2930.529227
28.8327,20,2934.455238
38.291954,20,2938.472208
17.679141,20,2940.551463
23.45512,20,2944.513859
32.626349,20,2948.525222
28.749527,20,2950.603397
19.36182,20,2954.066205
31.916414,20,2956.155026
27.646208,20,2960.002382
39.679837,20,2963.81063
26.358729,20,2965.916969
2.947635,11,2968.353649
34.301594,20,2970.435439
32.51942,20,2974.158111
24.81394,20,2977.675818
-6.012992,3,2978.0374
36.502616,20,2980.23232
37.398705,20,2983.87317
27.045835,20,2987.097854
39.708302,20,2989.274124
37.747186,20,2993.204009
10.821971,20,2995.304564
36.229167,20,2999.315018
36.194187,20,3003.269319
33.119677,20,3005.464841
37.699166,20,3008.54114
34.142274,20,3012.225268
39.416058,20,3014.348853
31.982231,20,3018.148585
22.776821,20,3020.261474
29.343772,20,3024.353468
31.116162,20,3028.534593
34.347088,20,3030.657444
32.955087,20,3034.572815
34.17033,20,3038.701116
38.299648,20,3040.838568
32.6407,20,3044.936599
34.531835,20,3047.045086
33.343637,20,3051.156636
31.618928,20,3055.200258
-1.076053,5,3055.734059
39.064563,20,3057.821708
27.347644,20,3061.64039
34.612155,20,3065.696839
32.997134,20,3067.787933
30.855146,20,3071.696615
12.974886,20,3075.576587
37.788861,20,3077.665914
10.827271,20,3081.705516
29.053543,20,3083.803114
37.930558,20,3087.845042
34.509509,20,3091.940855
30.094783,20,3094.042024
25.864586,20,3097.148987
31.117415,20,3101.236218
29.158597,20,3103.349227
39.210739,20,3107.202943
17.234734,20,3109.325014
21.945352,20,3113.4001
33.288708,20,3117.563195
38.230138,20,3119.709361
39.064582,20,3123.885684
21.345929,17,3125.705429
34.472006,20,3129.619115
32.156602,20,3133.592668
-7.456167,5,3134.143536
9.565769,20,3138.128954
31.75006,20,3140.369155
9.345268,20,3144.463858
36.849408,20,3146.610598
27.335855,20,3150.72455
32.949327,20,3154.633341
30.656317,20,3156.665105
29.887995,20,3160.695995
29.515575,20,3164.543083
28.551774,20,3166.614576
23.142928,20,3170.684012
0.985408,7,3171.443785
26.655767,20,3174.291373
19.322537,20,3176.36253
36.331767,20,3180.318452
38.677917,20,3182.393367
31.823224,20,3188.554476
-0.145168,3,3188.86077
14.555884,17,3192.561199
34.708172,20,3194.638688
36.26334,20,3198.492794
34.945284,20,3202.437917
13.409733,20,3204.540953
28.965774,20,3208.323132
18.25712,20,3210.391529
27.34173,20,3214.511035
3.14886,5,3215.084421
31.72088,20,3219.065147
7.508206,17,3220.826457
35.356496,20,3224.657308
27.615472,20,3228.824972
34.520966,20,3230.907554
26.902325,20,3234.819792
29.217348,20,3238.729811
34.574536,20,3240.871699
39.707413,20,3244.815478
-0.057323,3,3245.156903
31.673654,20,3249.123741
27.534785,20,3251.304625
33.575103,20,3255.553041
17.067604,20,3257.667848
33.968293,20,3261.766365
30.532203,20,3265.956289
30.936463,20,3268.114245
34.48412,20,3272.299058
14.360565,20,3276.364362
38.346117,20,3278.465469
37.392922,20,3282.608319
39.73128,20,3284.717501
35.622072,20,3288.8026
36.845376,20,3292.827104
31.804718,20,3294.914329
39.36899,20,3298.979606
7.155021,8,3299.834679
27.613178,20,3303.967389
21.444272,20,3306.091388
23.983273,20,3309.915483
20.333211,20,3313.977322
32.249144,20,3316.101396
25.847768,20,3319.953252
10.526689,20,3324.054931
19.340638,20,3326.285105
24.527377,20,3330.46466
30.305195,20,3332.58256
26.262172,20,3336.704603
35.077889,20,3340.680111
0.837986,5,3341.23146
28.528719,20,3343.35041
29.535194,20,3347.433496
26.49187,20,3351.280103
31.380076,20,3353.363924
-0.879883,5,3353.908409
2.828531,20,3357.84723
34.07659,20,3361.944849
31.061477,20,3364.112827
20.079168,20,3368.000827
36.229976,20,3371.906219
37.119589,20,3374.074669
27.37301,20,3378.253697
39.640529,20,3380.413063
31.939029,20,3384.615992
31.83317,20,3388.507176
28.976887,20,3390.634408
23.956902,20,3394.737126
36.320167,20,3398.820502
34.563986,20,3400.879831
38.616472,20,3404.81321
32.486546,20,3406.927008
26.080844,20,3410.781935
39.360073,20,3414.776684
10.359589,20,3416.832315
39.071269,20,3420.829117
31.103856,20,3424.749287
36.647583,20,3426.865559
33.763607,20,3430.926863
28.408452,20,3433.014816
36.705733,20,3436.925991
36.899045,20,3440.889192
30.497271,20,3442.965919
18.600508,20,3446.837478
31.668002,20,3450.573438
34.152006,20,3452.773868
30.648665,20,3456.647116
34.036443,20,3458.744885
39.146326,20,3462.598275
28.381837,20,3466.501271
10.285015,11,3467.683448
-7.370369,5,3468.259924
30.357906,20,3472.316068
31.711956,20,3474.459037
31.663303,20,3478.355125
-1.177723,5,3478.878561
34.685006,20,3482.926879
34.047348,20,3485.069458
29.754047,20,3489.425557
27.385052,20,3493.416894
38.645993,20,3495.523753
36.600954,20,3499.386384
22.276213,20,3503.508481
33.370602,20,3505.676596
38.801925,20,3509.667566
9.181408,18,3511.589738
17.851776,20,3514.76853
37.027936,20,3518.809662
31.524554,20,3520.843103
36.685038,20,3524.782357
27.424207,20,3528.460859
24.238833,20,3530.563603
31.455796,20,3534.594292
39.171922,20,3536.692374
11.029721,20,3540.728937
34.589086,20,3544.978925
34.740366,20,3547.051013
36.448906,20,3550.672618
32.795876,20,3554.827397
-7.661183,9,3555.771295
36.788122,20,3557.817069
30.51722,20,3561.839839
-3.273286,3,3562.163517
35.242347,20,3565.846833
29.44443,20,3567.960838
35.844042,20,3571.990723
31.301547,20,3576.024413
36.010708,20,3578.13281
29.088137,20,3582.138459
39.692516,20,3586.191913
39.728879,20,3588.325157
34.516098,20,3592.380388
39.149317,20,3594.435392
-1.497073,20,3598.234329
34.370136,20,3602.139312
-3.47702,3,3602.481203
38.530764,20,3604.629377
35.824577,20,3608.695338
27.841424,20,3612.866575
30.269594,20,3614.948708
33.111797,20,3619.075907
33.363182,20,3623.084079
35.887257,20,3625.285276
32.337474,20,3629.225716
29.324311,20,3631.342973
29.106217,20,3635.502413
34.88014,20,3639.603806
15.324545,20,3641.639569
32.001807,20,3645.469705
36.128286,20,3649.46844
38.847954,20,3651.539592
32.28403,20,3655.263534
20.699072,20,3657.363441
36.20243,20,3661.663161
29.914548,20,3665.900599
27.862171,20,3668.002833
32.33046,20,3671.828386
17.236829,20,3675.874897
29.162037,20,3678.061492
31.137259,20,3681.858721
30.924694,20,3683.897132
33.324156,20,3687.684186
9.050854,8,3688.514514
39.374863,20,3692.231096
33.493414,20,3696.094198
29.281,20,3698.314091
39.410918,20,3704.53542
22.791143,20,3706.61299
11.609593,20,3710.651522
26.652675,20,3714.958557
28.418306,20,3717.077597
31.255415,20,3721.358569
27.401808,20,3725.381398
36.587068,20,3727.545165
34.682159,20,3730.818361
36.614207,20,3732.923741
35.8367,20,3737.068967
34.625984,20,3740.752407
38.920713,20,3742.868533
34.824305,20,3746.885437
27.504367,20,3750.832755
36.754202,20,3753.024367
27.215789,20,3756.785514
-4.350053,6,3757.43262
34.390572,20,3761.340185
36.242958,20,3763.519397
23.748035,20,3767.936897
39.806588,20,3770.098613
38.40417,20,3774.276659
34.750764,20,3778.071589
36.269092,20,3780.206646
33.715962,20,3784.058869
25.908756,20,3788.235295
9.998628,20,3790.364392
39.735635,20,3794.612921
34.565874,20,3796.699487
35.411927,20,3800.870355
27.780086,20,3804.883602
7.787326,12,3806.154765
39.542383,20,3810.081692
27.034361,20,3812.170783
31.983964,20,3816.524576
24.779608,20,3820.794013
34.286543,20,3822.912066
-4.437859,5,3823.413307
37.831107,20,3827.575136
39.044542,20,3831.428604
19.050284,20,3833.536997
39.321525,20,3837.729354
1.606802,17,3839.561443
34.760629,20,3843.522996
39.767105,20,3847.545832
39.73374,20,3849.662377
22.354619,20,3853.224337
34.343024,20,3857.092279
30.823409,20,3859.290483
20.855261,20,3863.310397
-7.171073,7,3864.062227
28.401922,20,3867.488571
2.103004,8,3868.341312
15.796872,20,3870.418873
30.062401,20,3874.358977
34.982627,20,3878.511094
35.615407,20,3880.656556
7.220667,7,3883.359864
37.417087,20,3885.535608
-2.033539,4,3885.955103
35.418716,20,3890.284642
26.835025,20,3894.363474
26.816322,20,3896.49059
29.420152,20,3900.776076
34.740764,20,3902.946924
33.936651,20,3907.037385
35.723334,20,3911.152182
-9.437591,7,3911.865653
37.26196,20,3915.847026
36.662997,20,3917.913418
32.733168,20,3921.279862
30.40629,20,3923.32947
11.981004,20,3927.413641
39.497063,20,3931.611342
36.50079,20,3933.73661
34.067204,20,3937.758265
29.205172,20,3941.551828
30.467438,20,3943.645645
32.969129,20,3947.801107
27.520823,20,3949.890834
37.405937,20,3953.772249
30.491525,20,3957.678121
31.465932,20,3959.711334
34.708487,20,3963.728477
38.57837,20,3967.998668
28.244882,20,3970.214825
33.395971,20,3974.434303
-0.179833,7,3975.236798
-5.472234,6,3975.931302
35.258396,20,3980.104172
35.374252,20,3982.280241
0.892252,8,3985.16186
24.358769,20,3987.33895
35.503276,20,3991.633018
31.865817,20,3995.608728
35.728763,20,3997.696875
34.624276,20,4001.578419
35.250387,20,4003.670302
26.814354,20,4007.766745
36.718149,20,4011.880499
38.137251,20,4013.973976
38.893661,20,4017.898727
31.973439,20,4021.796443
33.607272,20,4023.898979
33.179119,20,4027.959914
24.651715,20,4030.106045
29.559627,20,4034.115713
35.383261,20,4038.374837
31.195093,20,4040.502324
33.003314,20,4044.799047
19.26818,20,4048.882464
28.879987,20,4050.954788
31.117799,20,4055.091779
28.791081,20,4057.176454
27.807387,20,4061.311513
16.718693,20,4065.467022
36.113492,20,4067.544996
34.427442,20,4071.568049
38.391796,20,4075.252486
35.716427,20,4077.315891
20.379414,20,4081.195955
36.248575,20,4083.2833
32.300511,20,4087.19607
30.864337,20,4090.836602
31.873964,20,4092.917943
30.966581,20,4097.074103
36.542255,20,4101.360597
36.415011,20,4103.509243
35.610792,20,4106.907581
19.434199,20,4109.037958
29.704349,20,4113.1023
33.201456,20,4116.663583
23.383566,20,4118.666818
36.037212,20,4122.629153
32.950007,20,4126.476787
31.326897,20,4128.436939
38.178649,20,4132.156532
27.430245,20,4134.214374
38.866766,20,4138.193803
34.718032,20,4141.99555
35.71683,20,4144.040587
29.502737,20,4147.894785
38.52198,20,4151.673862
-3.789259,6,4152.27622
34.19232,20,4154.301327
34.898687,20,4157.836125
37.851552,20,4161.529486
34.341742,20,4163.625338
34.881307,20,4167.453194
27.759472,20,4171.274833
36.245375,20,4173.428941
37.88793,20,4177.177252
-1.405603,5,4177.685426
39.377978,20,4181.036545
25.094561,20,4183.080501
25.111189,20,4187.141502
34.278706,20,4189.200964
30.691501,20,4193.353785
26.639241,20,4197.273808
20.140159,14,4198.740103
32.213955,20,4202.647607
32.023841,20,4204.792556
36.741948,20,4209.069118
36.455873,20,4213.347116
33.661995,20,4215.466305
35.709659,20,4221.617081
18.864729,20,4223.694452
30.85734,20,4227.841653
26.551367,20,4232.226333
27.013991,20,4234.246514
30.660863,20,4238.52171
38.190173,20,4242.791086
31.739223,20,4244.940481
36.119828,20,4249.144492
39.08222,20,4251.223551
33.268907,20,4255.251808
27.477869,20,4259.366183
14.339164,20,4261.473119
38.439941,20,4265.740408
30.950574,20,4269.964871
38.721067,20,4272.062245
37.480506,20,4276.333619
30.088395,20,4278.409425
-4.992109,5,4281.083849
34.362344,20,4283.189114
31.809441,20,4287.512801
27.525687,20,4291.588957
33.949713,20,4293.75738
17.410356,20,4297.904665
39.266415,20,4299.982862
24.251608,20,4304.263511
27.44785,20,4308.465891
32.225434,20,4310.612344
29.521627,20,4314.850628
33.914136,20,4319.044543
38.244764,20,4321.118882
33.770948,20,4325.330865
39.47134,20,4327.497913
39.626981,20,4331.885836
34.262974,20,4336.263646
37.261537,20,4338.421392
36.067303,20,4342.536136
28.679544,20,4346.923334
35.443611,20,4349.1806
36.210826,20,4353.446199
28.15771,20,4355.525968
30.915734,20,4359.190736
31.647783,20,4362.781435
39.747686,20,4364.814029
24.483286,20,4368.861539
36.747742,20,4372.852175
32.290211,20,4375.010166
36.355669,20,4379.083172
35.971653,20,4381.133615
31.190685,20,4385.253556
20.437116,20,4389.183716
31.119332,20,4391.308701
-8.044242,5,4391.885409
36.650384,20,4395.857291
37.74989,20,4399.944877
30.242079,20,4402.03798
24.552926,20,4406.174496
33.874444,20,4410.116967
32.900008,20,4412.213517
29.127142,20,4416.290838
33.75024,20,4418.424976
32.797183,20,4422.666629
34.447575,20,4426.686127
33.784367,20,4428.79992
33.495569,20,4433.35924
29.568995,20,4437.312855
34.047614,20,4439.440891
35.792572,20,4442.80718
35.469987,20,4444.95321
36.537995,20,4449.208539
-3.436852,4,4449.557965
33.295869,20,4451.623188
35.410816,20,4453.316616
39.666842,20,4455.384583
31.053171,20,4457.471377
30.458421,20,4459.171401
35.235061,20,4461.247733
29.6826,20,4463.325712
28.408316,20,4465.040088
39.652531,20,4467.230117
26.602581,20,4468.937436
38.605526,20,4471.118457
11.325033,19,4473.123355
30.646534,20,4474.812575
36.470119,20,4476.884157
30.770851,20,4479.019171
35.676538,20,4480.694218
34.294575,20,4482.764031
39.652305,20,4484.462979
39.064101,20,4486.722915
35.013476,20,4488.937513
36.636668,20,4490.74526
36.046779,20,4492.935837
26.971547,20,4495.035509
20.618704,20,4496.718899
34.67895,20,4498.825665
28.668026,20,4500.530727
29.421452,20,4502.642568
39.069346,20,4504.785013
31.129812,20,4506.492811
28.117124,20,4508.587783
31.326967,20,4510.712528
31.314822,20,4512.382833
29.408646,20,4514.44432
38.44005,20,4516.136841
24.844106,20,4518.205026
33.962555,20,4520.260925
32.976393,20,4521.941827
27.442214,20,4524.011868
-5.43533,6,4524.520145
39.161116,20,4526.561872
27.501258,20,4528.331206
38.171862,20,4530.446828
24.977554,20,4532.541376
31.32006,20,4534.249196
31.104575,20,4536.371408
38.806234,20,4538.053241
12.933386,20,4540.132271
29.258229,20,4542.293048
30.905363,20,4543.985903
29.040761,20,4546.052724
34.116005,20,4548.183382
33.638884,20,4549.88449
30.921924,20,4551.971106
30.38053,20,4553.65309
26.664269,20,4555.812632
35.867455,20,4557.861819
35.611331,20,4559.572964
27.649211,20,4561.662064
34.433766,20,4563.733247
37.193449,20,4565.444835
-0.861184,6,4565.952516
24.554177,20,4568.081245
36.227511,20,4570.155356
25.810445,20,4571.871412
31.055653,20,4573.937722
22.936043,20,4576.078565
32.297739,20,4577.83735
32.053969,20,4579.912844
36.621826,20,4581.604101
33.594876,20,4583.667763
18.950004,20,4585.742161
30.979753,20,4587.49259
36.748691,20,4589.600384
26.343372,20,4591.692038
31.117059,20,4593.378425
35.856321,20,4595.425157
28.025765,20,4597.110993
33.270638,20,4599.149926
12.420756,20,4601.204783
29.447491,20,4602.924235
24.184803,20,4605.020174
38.754311,20,4607.073339
28.923368,20,4608.742162
38.371151,20,4610.847075
28.355366,20,4612.514367
33.905918,20,4614.570456
-17.966274,5,4614.976261
39.680302,20,4617.093037
30.36643,20,4618.910791
39.638731,20,4620.969841
32.008292,20,4624.83808
33.736724,20,4626.525033
36.718829,20,4628.553899
32.910751,20,4630.64693
38.626229,20,4632.306051
29.236699,20,4634.336248
33.922197,20,4636.004063
31.069114,20,4638.035619
39.619417,20,4640.078749
31.507704,20,4641.751473
-4.251196,6,4642.271077
26.529565,20,4644.276
33.545579,20,4646.322638
29.3749,20,4647.992999
15.314459,20,4650.033642
23.519355,20,4652.050897
30.631648,20,4653.744709
35.780821,20,4655.773546
-6.420343,6,4656.293462
22.799075,20,4658.341171
33.130385,20,4660.020039
25.806844,20,4662.052472
25.368991,20,4664.108582
36.613251,20,4665.820127
27.267899,20,4667.862026
28.508607,20,4669.569849
25.300273,20,4672.007273
38.884665,20,4674.29629
36.579317,20,4676.038893
37.246927,20,4678.238954
32.560731,20,4680.451269
25.087962,20,4682.14278
36.606698,20,4684.754818
32.197652,20,4686.84445
34.171266,20,4690.410365
19.487459,20,4694.637194
29.181342,20,4696.787215
39.75806,20,4700.950607
38.623577,20,4705.231375
27.605466,20,4707.40247
27.921061,20,4711.638216
35.397792,20,4713.793866
39.697421,20,4717.818051
23.624303,20,4722.014477
29.996615,20,4724.135
35.065144,20,4728.272596
19.233427,20,4732.415699
30.573419,20,4734.496603
31.167785,20,4738.654461
39.018877,20,4740.734196
36.305901,20,4744.891801
32.971282,20,4748.811327
35.22245,20,4750.481417
29.520995,20,4752.551877
19.663231,20,4754.571303
34.674322,20,4756.260315
30.212894,20,4758.318379
34.720059,20,4760.012925
32.691079,20,4762.068207
34.608186,20,4764.113846
36.462617,20,4765.819023
33.189203,20,4767.84793
31.831556,20,4769.912958
30.11626,20,4771.578412
24.939593,20,4773.62323
38.263624,20,4775.285629
21.558051,20,4777.344905
26.055677,20,4779.363811
38.453984,20,4781.049677
39.716413,20,4783.468799
32.325343,20,4785.66426
35.737906,20,4787.557717
28.737424,20,4789.734353
36.010601,20,4791.533948
35.875457,20,4795.571449
29.679659,20,4799.772428
30.226474,20,4801.868201
36.358912,20,4806.088437
28.070432,20,4810.341614
36.725682,20,4812.486073
34.356668,20,4816.431364
28.499598,20,4818.593033
33.709301,20,4822.705186
36.100197,20,4826.5514
32.131368,20,4828.70099
33.509731,20,4832.880016
25.443285,20,4836.816036
30.654639,20,4838.911217
34.168717,20,4842.915807
37.115244,20,4844.930472
35.464922,20,4848.65484
31.743078,20,4852.611204
37.213386,20,4854.637738
34.744637,20,4858.361825
36.196108,20,4862.132539
34.349008,20,4864.171387
39.326051,20,4868.355716
38.4907,20,4870.433425
33.355609,20,4874.428069
34.148549,20,4878.548842
38.418795,20,4880.578745
37.650764,20,4884.578356
29.65806,20,4888.687823
30.412255,20,4890.886703
36.647979,20,4894.652753
29.243638,20,4896.813566
38.966884,20,4900.76049
34.737266,20,4904.566013
20.480547,20,4906.652188
32.481294,20,4910.245417
38.20325,20,4914.084603
35.385273,20,4916.171349
38.769482,20,4920.213673
32.987188,20,4922.304699
29.655731,20,4926.269805
6.984827,8,4927.173152
39.097219,20,4931.432845
22.170404,20,4935.670203
31.446601,20,4937.851866
39.429781,20,4942.155755
35.767287,20,4944.375999
35.309452,20,4948.641161
38.826441,20,4952.927832
37.081524,20,4955.047728
22.469347,20,4959.22273
-5.006305,7,4959.936061
39.479111,20,4964.189254
-3.695661,5,4964.717391
39.270234,20,4968.901959
25.539297,20,4970.99613
31.678322,20,4975.121743
30.226276,20,4977.271077
34.797992,20,4981.394814
38.576117,20,4985.666578
25.276923,20,4987.76589
34.640921,20,4992.179026
31.763659,20,4996.384356
39.753952,20,4998.527297
33.821939,20,5002.80473
35.152574,20,5004.901513
38.177636,20,5009.202436
33.856864,20,5012.935328
23.256053,20,5015.048631
30.155813,20,5019.14302
32.453015,20,5023.336127
32.30797,20,5025.456353
22.730004,20,5029.162975
18.26811,20,5031.208357
13.224956,20,5035.442608
32.916626,20,5039.657715
38.779519,20,5041.790891
29.605893,20,5046.011943
29.9498,20,5049.925589
32.494741,20,5052.093561
38.993516,20,5056.271298
39.109886,20,5058.386713
35.976638,20,5062.510615
26.4912,20,5066.13995
32.552834,20,5068.255762
32.674462,20,5074.684169
28.314133,20,5078.450448
15.283953,20,5080.532174
34.856616,20,5084.718509
35.476591,20,5086.852383
33.335281,20,5090.994738
29.832868,20,5095.045121
27.826493,20,5097.109981
34.608454,20,5101.300659
32.419715,20,5105.498217
30.996704,20,5107.610122
39.604413,20,5111.878253
38.34001,20,5113.976889
31.891276,20,5118.312967
33.655155,20,5122.300937
35.98089,20,5124.385849
27.9929,20,5128.496379
30.657268,20,5132.317474
34.295598,20,5134.511425
30.008803,20,5138.701789
35.674655,20,5140.804067
36.402315,20,5144.133319
24.167925,20,5148.267232
19.602448,20,5150.436538
18.379477,20,5154.550987
36.096021,20,5158.673951
16.514412,20,5160.851811
34.307808,20,5165.106613
6.894125,20,5167.268785
27.873057,20,5171.405756
19.617903,20,5175.52148
-8.146923,6,5176.203713
25.026411,20,5178.341885
33.496328,20,5182.61141
34.324147,20,5186.542413
21.928004,20,5188.687521
28.240867,20,5192.992857
39.606401,20,5196.685106
25.656035,20,5198.770102
34.338163,20,5202.868309
34.368557,20,5204.974812
33.87659,20,5209.160599
27.24223,20,5213.309217
24.076219,20,5215.418582
35.89593,20,5219.521544
36.337732,20,5222.80164
34.376909,20,5224.870476
39.52939,20,5229.089597
36.004869,20,5231.181536
38.255297,20,5235.299671
34.369853,20,5239.428944
39.033252,20,5241.501456
27.574957,20,5244.860894
25.23715,20,5249.110085
34.311981,20,5251.178952
38.271724,20,5255.299707
29.979356,20,5257.395038
31.475955,20,5261.662874
30.067641,20,5265.911097
39.724911,20,5268.049585
35.860953,20,5271.747798
32.820025,20,5276.031735
33.304732,20,5278.137589
30.637951,20,5282.350651
39.165345,20,5284.49714
28.573488,20,5288.710077
36.636628,20,5292.994519
36.682562,20,5295.170119
37.298195,20,5299.486678
30.508003,20,5303.818888
31.178476,20,5305.980972
13.784933,20,5310.23454
32.737435,20,5312.35091
33.054892,20,5316.371426
26.297411,20,5320.465582
-1.897883,6,5321.092431
34.316844,20,5325.134085
33.979881,20,5327.22617
32.695114,20,5331.286966
31.104051,20,5333.373882
27.653804,20,5337.43491
34.629589,20,5341.60723
22.307304,20,5343.662848
17.864151,20,5347.818471
26.976055,20,5352.006482
29.620955,20,5354.138886
36.495284,20,5358.477006
31.642565,20,5360.621752
22.029392,20,5364.648578
38.545698,20,5368.614214
37.402888,20,5370.544396
34.150418,20,5372.945539
33.126495,20,5376.58242
34.912409,20,5378.708277
12.442462,13,5382.051193
32.352428,20,5384.155769
33.519359,20,5388.293189
25.197561,20,5390.375918
27.340653,20,5394.602739
32.865009,20,5398.507727
31.045398,20,5400.588801
39.397302,20,5404.743417
25.557937,20,5408.908635
19.977922,20,5411.050875
33.718292,20,5415.341068
32.328225,20,5417.491757
24.407145,20,5421.714451
23.01472,20,5425.912271
36.795423,20,5428.067227
35.479938,20,5432.274799
39.712302,20,5436.272949
26.422082,20,5438.340875
36.815979,20,5442.498239
35.054825,20,5444.610163
39.720839,20,5448.637798
33.275238,20,5452.843777
31.533811,20,5454.927179
31.206167,20,5458.974513
39.094953,20,5462.970775
36.785817,20,5465.025284
39.560444,20,5468.631196
26.231403,20,5470.750745
23.553568,20,5474.686107
38.80959,20,5476.723115
26.456921,20,5478.424069
37.603705,20,5480.467708
31.992513,20,5482.515929
34.783966,20,5484.193706
39.377584,20,5486.22383
24.64883,20,5487.889791
20.997013,20,5489.935034
28.220666,20,5492.028089
39.097767,20,5493.712615
31.758644,20,5496.133081
39.474657,20,5499.064537
28.150377,20,5500.965995
31.73905,20,5505.09162
37.108034,20,5507.20354
38.498345,20,5511.064742
30.110696,20,5515.192359
38.97843,20,5516.885355
36.084809,20,5518.932622
16.039505,20,5520.993128
32.327133,20,5522.691702
34.605276,20,5524.816575
33.319197,20,5526.539344
15.630617,20,5528.829938
31.93951,20,5531.214886
33.131905,20,5532.975216
22.741177,20,5535.585226
19.872332,20,5539.043798
26.318311,20,5541.132973
31.535915,20,5545.120901
39.09968,20,5547.146713
30.833104,20,5551.157938
25.913038,20,5554.919178
33.465246,20,5556.94319
-1.887625,5,5557.462713
34.753468,20,5561.169277
38.509481,20,5567.048918
32.061565,20,5569.041356
35.007684,20,5572.68453
26.705031,20,5576.416401
31.118168,20,5578.384277
33.78082,20,5582.025432
31.876925,20,5584.036534
33.546705,20,5587.74209
21.326544,20,5591.425762
31.458839,20,5593.463204
35.860664,20,5597.188034
17.775638,20,5600.215755
35.270128,20,5602.186389
33.530646,20,5604.206822
30.391689,20,5605.877225
32.515761,20,5607.936509
27.540044,20,5609.952944
32.145096,20,5611.623841
25.511485,20,5613.641304
39.746022,20,5615.658355
28.880998,20,5617.330712
20.378378,20,5619.32482
24.977455,20,5620.981077
20.624648,20,5622.970421
35.656412,20,5624.982744
31.265604,20,5626.638531
38.669892,20,5628.666082
38.416271,20,5630.68878
36.599783,20,5632.346068
34.426046,20,5634.415392
35.90676,20,5636.088957
39.297459,20,5638.106805
30.646248,20,5640.141342
29.634994,20,5641.789813
39.790541,20,5643.840189
37.335122,20,5645.897379
27.983147,20,5647.575212
35.26687,20,5649.622916
31.511206,20,5651.308995
39.307063,20,5653.349271
37.684014,20,5655.39772
27.42234,20,5657.074077
39.735996,20,5659.104032
31.405219,20,5661.159628
33.669421,20,5662.844301
25.657667,20,5664.910791
33.321991,20,5666.612788
20.601714,20,5668.678128
38.748348,20,5670.782041
-0.76413,5,5671.201155
33.313286,20,5673.246171
31.638544,20,5674.906416
37.989551,20,5676.986564
31.489063,20,5678.643185
38.410784,20,5680.696245
19.354246,20,5682.773387
36.493277,20,5684.44571
37.409802,20,5686.488073
39.727173,20,5688.582204
35.802401,20,5690.23651
34.010843,20,5692.254166
33.385344,20,5693.92102
35.749735,20,5695.979092
35.147573,20,5697.989861
29.89545,20,5699.664398
27.038184,20,5701.687099
34.671298,20,5703.715784
37.436699,20,5705.384795
29.312784,20,5707.409775
28.282807,20,5709.084509
29.608089,20,5711.158739
36.640282,20,5713.199736
23.555258,20,5714.853407
31.699317,20,5716.895182
28.067927,20,5718.936684
22.799564,20,5720.58935
31.464594,20,5722.619407
-17.668844,5,5723.052329
31.655153,20,5725.088568
38.992912,20,5726.746458
27.810563,20,5728.786502
35.941762,20,5730.458767
38.784841,20,5732.483162
26.569402,20,5734.506576
32.139358,20,5736.163638
-1.010407,6,5736.654537
32.607342,20,5738.689008
32.610317,20,5740.721755
29.270863,20,5742.38307
32.978474,20,5744.402631
37.878065,20,5746.421171
35.812969,20,5748.074041
10.576017,20,5750.087904
29.504264,20,5751.741405
28.903558,20,5753.814702
39.101818,20,5755.850825
29.521016,20,5757.500885
34.203897,20,5759.593027
35.280186,20,5761.615303
39.002556,20,5763.294473
32.106297,20,5765.392099
26.291449,20,5767.073551
31.956652,20,5769.124133
39.779548,20,5771.251098
39.733221,20,5772.926431
23.277731,20,5774.97606
35.969899,20,5777.061045
33.687092,20,5778.724577
24.504582,20,5780.807962
36.855547,20,5782.476737
32.535946,20,5784.555593
29.603107,20,5786.605601
36.696067,20,5788.267529
30.609088,20,5790.34831
26.404616,20,5792.381905
38.453728,20,5794.050143
34.406327,20,5796.121026
38.585662,20,5797.77791
38.375025,20,5799.788327
39.082511,20,5801.850319
39.310413,20,5803.520064
32.6708,20,5805.527199
11.476898,20,5807.582522
31.580578,20,5809.248861
22.713618,20,5811.271733
34.208249,20,5812.945082
32.251958,20,5815.002018
19.446875,20,5817.032171
31.534153,20,5818.699402
34.304853,20,5820.764197
35.649456,20,5822.788406
34.739939,20,5824.448934
31.799461,20,5826.472057
35.560281,20,5828.140243
30.490757,20,5830.312135
33.633377,20,5832.338289
23.590837,20,5834.022772
28.507671,20,5836.044066
35.933778,20,5838.075855
34.13406,20,5839.739434
-4.668449,5,5840.185991
37.386165,20,5842.546417
38.622812,20,5844.627138
25.266852,20,5847.188118
18.204566,20,5849.352209
39.61276,20,5851.513918
35.389034,20,5853.188684
34.668225,20,5855.386166
25.912516,20,5857.044033
34.386087,20,5859.18502
38.953953,20,5861.257067
33.422892,20,5862.93907
33.879772,20,5865.022456
33.954778,20,5867.266271
34.768849,20,5868.969605
27.882924,20,5871.115899
-3.810564,5,5871.560715
37.927264,20,5873.719494
32.437739,20,5875.381937
33.82046,20,5877.71692
-2.122846,8,5880.279501
38.146538,20,5882.313547
-0.64106,5,5882.745803
25.092044,20,5884.423263
28.382684,20,5886.47802
29.672014,20,5888.649147
22.464964,20,5890.343575
38.97649,20,5892.551465
31.79908,20,5894.690816
27.77581,20,5896.389766
30.244672,20,5898.503855
30.885648,20,5900.175112
39.715951,20,5902.221751
34.411039,20,5904.29896
31.949803,20,5905.980747
26.404823,20,5908.032597
29.675353,20,5910.102339
38.417773,20,5911.770305
33.090885,20,5913.797712
8.595112,14,5914.957565
32.58557,20,5917.079011
39.594837,20,5919.094994
28.713253,20,5920.752369
36.469834,20,5922.833534
36.468552,20,5924.501542
26.072321,20,5926.551821
32.503518,20,5928.687918
30.432457,20,5930.348059
29.648571,20,5932.382484
32.011981,20,5934.465832
30.608647,20,5936.110943
34.500073,20,5938.131744
35.962643,20,5939.797779
21.110327,20,5941.860319
39.148416,20,5943.877352
30.163501,20,5945.540686
32.399122,20,5947.594516
36.575463,20,5949.644363
39.009653,20,5951.300843
35.674446,20,5953.337001
34.063236,20,5955.00723
32.355958,20,5957.031128
32.51298,20,5959.059786
30.507374,20,5960.708276
25.060544,20,5962.716649
32.335531,20,5964.739248
23.599069,20,5966.400262
36.065542,20,5968.430707
29.968202,20,5970.113292
35.857277,20,5972.149966
39.006951,20,5974.193368
29.915477,20,5975.863697
29.567906,20,5977.940917
39.661518,20,5980.023322
34.179882,20,5981.691949
28.424735,20,5983.718907
34.050926,20,5985.410418
35.877971,20,5987.48697
38.761796,20,5989.513068
24.301797,20,5991.177052
20.338763,20,5993.255287
30.915075,20,5995.267965
36.556463,20,5996.935978
36.573826,20,5999.001842
35.706468,20,6000.662578
33.061306,20,6002.686326
20.70976,20,6004.786965
30.878579,20,6006.477177
39.036518,20,6008.498399
38.090616,20,6010.604492
27.070768,20,6012.265869
32.18746,20,6014.294405
36.547782,20,6015.974641
38.725855,20,6018.02881
29.916863,20,6020.059077
36.385789,20,6021.748719
-21.518699,5,6022.158184
31.344376,20,6024.220728
33.956432,20,6026.250771
33.407575,20,6027.921005
34.515623,20,6029.938543
33.161364,20,6031.982051
39.696264,20,6033.642237
29.567475,20,6035.656216
26.906931,20,6037.302301
32.311675,20,6039.324289
32.468398,20,6041.358591
25.651892,20,6043.017819
25.573834,20,6045.049674
34.582443,20,6047.08052
38.518756,20,6048.743207
25.114371,20,6050.787517
35.73457,20,6052.443041
31.020597,20,6054.660413
34.710197,20,6057.149309
27.355556,20,6059.020388
38.608747,20,6061.557653
23.896924,20,6064.114972
36.744268,20,6065.963131
26.782201,20,6068.284144
34.326228,20,6069.969399
39.048185,20,6072.029246
36.74898,20,6074.119503
30.135243,20,6075.790467
21.06316,20,6077.832981
39.539147,20,6079.926024
36.53158,20,6081.579211
38.556761,20,6083.604979
36.404215,20,6085.266904
27.870566,20,6087.347842
35.504125,20,6089.368859
34.698142,20,6091.031469
32.32163,20,6093.097863
35.981624,20,6095.119215
28.466543,20,6096.780215
39.749006,20,6098.814442
33.687229,20,6100.455149
32.280786,20,6102.468743
37.377396,20,6104.479333
36.681101,20,6106.130229
32.565888,20,6108.154234
24.948735,20,6110.18992
19.627165,20,6111.871805
30.291031,20,6113.991758
32.614337,20,6115.729868
38.118744,20,6117.75445
33.717143,20,6119.758277
-1.148337,5,6120.160509
27.095228,20,6121.8201
38.031482,20,6123.842417
39.728816,20,6125.881582
-11.018126,5,6126.320484
38.379625,20,6127.985879
32.691405,20,6130.023198
32.301789,20,6132.07392
26.817926,20,6133.746617
39.749311,20,6135.799878
26.292352,20,6137.842681
22.999847,20,6139.513482
33.083079,20,6141.555599
30.624187,20,6143.238301
34.185059,20,6145.29663
24.533066,20,6147.333114
35.330445,20,6149.008507
30.440871,20,6151.041275
38.602404,20,6153.079066
36.641201,20,6154.732221
29.049596,20,6156.738904
35.286886,20,6158.418544
35.688416,20,6160.406175
35.037184,20,6162.43518
32.279854,20,6164.084746
-1.080751,6,6164.98367
21.506006,20,6166.642392
36.745865,20,6168.667295
35.875843,20,6170.319028
32.888663,20,6172.391472
29.758678,20,6174.390667
30.119649,20,6176.063806
-4.060701,6,6176.575362
37.461891,20,6178.665994
33.875909,20,6182.419958
26.915742,20,6184.107589
33.75286,20,6186.140616
32.88203,20,6188.183054
31.997733,20,6189.845127
39.122558,20,6191.871777
32.474893,20,6193.534978
30.383041,20,6195.601285
34.406687,20,6197.646168
30.54307,20,6199.303642
31.99338,20,6201.434734
30.909088,20,6203.527459
30.296382,20,6205.183489
23.659406,20,6207.188799
30.45207,20,6208.86747
34.14744,20,6210.891584
39.618252,20,6212.917903
30.850103,20,6214.566042
-1.819808,6,6215.430523
38.508792,20,6217.091823
19.30816,20,6219.105396
27.51122,20,6220.752283
32.790478,20,6222.763469
29.566004,20,6224.796918
32.891607,20,6226.45107
34.445738,20,6228.474375
26.563552,20,6230.492155
26.629602,20,6232.147189
34.815996,20,6234.166728
31.586668,20,6235.814231
23.726881,20,6237.84784
38.023451,20,6239.870461
38.503945,20,6241.515377
21.863346,20,6243.544463
34.407119,20,6245.599549
32.188156,20,6247.267849
21.647007,20,6249.31831
22.598288,20,6250.985591
21.428393,20,6253.014483
22.153409,20,6255.052717
4.407126,11,6255.966664
28.353723,20,6258.012091
32.353029,20,6259.69378
25.844106,20,6261.735641
39.115848,20,6263.775937
31.93123,20,6265.442691
29.616692,20,6267.48589
39.53605,20,6269.154545
29.379931,20,6271.186974
33.346566,20,6273.210875
39.794581,20,6274.878398
39.645423,20,6276.909831
32.019932,20,6278.920516
29.019648,20,6280.576138
34.672563,20,6282.588055
36.680374,20,6284.239901
35.886329,20,6286.266653
18.861842,20,6288.284381
36.80504,20,6289.946992
25.497816,20,6291.971266
30.881125,20,6293.977911
32.527196,20,6295.625857
39.288655,20,6297.633152
37.412094,20,6299.280059
33.111165,20,6301.317229
34.828624,20,6303.332715
32.671371,20,6305.00426
38.448684,20,6307.030346
35.638374,20,6309.052733
33.550341,20,6310.706863
31.236686,20,6312.739364
32.272229,20,6314.399787
14.444284,20,6316.419725
36.084999,20,6318.43715
39.071624,20,6320.090238
14.34625,20,6322.113715
37.4358,20,6324.119954
36.089059,20,6325.766455
39.566075,20,6327.786539
38.200162,20,6329.454497
33.335376,20,6331.48487
27.79731,20,6333.511514
3.987704,8,6334.149726
34.546069,20,6336.160161
39.14165,20,6337.810022
39.747731,20,6339.829211
34.298111,20,6341.478606
37.698676,20,6343.470839
36.995713,20,6345.486024
36.685118,20,6347.15976
24.604701,20,6349.173504
21.602707,20,6351.181
29.63388,20,6352.827972
33.652368,20,6354.83159
24.714979,20,6356.475335
30.519962,20,6358.497499
39.734557,20,6360.507407
31.593606,20,6362.165669
33.09564,20,6364.212625
22.286015,20,6366.238765
38.978833,20,6367.909587
23.426705,20,6369.948797
37.012048,20,6371.636231
38.833522,20,6373.665532
34.919357,20,6375.699061
36.168087,20,6377.362745
29.347943,20,6379.39801
26.233133,20,6381.432609
38.623387,20,6383.116264
16.430701,20,6385.163017
22.329568,20,6386.836865
-10.702068,7,6387.80411
31.517683,20,6389.472008
34.374836,20,6391.51138
36.396104,20,6393.165776
33.120708,20,6395.182767
16.407368,20,6397.204819
28.084321,20,6398.84953
29.344184,20,6400.872749
29.453254,20,6402.876018
29.571234,20,6404.52218
39.097681,20,6406.541451
32.495665,20,6408.191012
25.4284,20,6410.209901
39.45462,20,6412.228751
39.182657,20,6413.876016
31.780526,20,6415.891392
14.773687,20,6417.917619
36.651718,20,6419.566409
3.929206,9,6420.698557
27.711135,20,6422.348521
29.564788,20,6424.372118
26.672309,20,6426.05343
36.044207,20,6428.075862
36.382406,20,6430.092324
30.770201,20,6431.761202
33.775177,20,6433.777479
32.282733,20,6435.80336
38.192515,20,6437.46298
39.087221,20,6439.478262
29.939873,20,6441.133745
29.953675,20,6443.154516
39.046007,20,6445.175485
32.924592,20,6446.826939
20.886831,20,6448.865131
32.446529,20,6450.888947
32.929314,20,6452.539305
28.497219,20,6454.536602
37.316031,20,6456.179453
21.562962,20,6458.221991
38.403742,20,6460.235212
31.942364,20,6461.883297
36.557636,20,6463.904284
36.97465,20,6465.933663
38.677792,20,6467.581528
35.776874,20,6469.598518
31.360407,20,6471.255507
35.996305,20,6473.274984
29.824125,20,6475.290358
33.868193,20,6476.961283
29.977158,20,6480.706378
31.478781,20,6482.717824
35.551741,20,6484.397869
31.525151,20,6486.45708
34.17008,20,6488.127896
34.462275,20,6490.164937
36.323456,20,6492.204751
34.631578,20,6493.875626
30.211447,20,6495.926574
38.746707,20,6497.954709
15.221387,20,6499.621551
33.90917,20,6501.661606
23.248813,20,6503.355659
34.197663,20,6505.392526
24.654815,20,6507.451909
28.970628,20,6509.137053
34.689143,20,6511.168391
36.22007,20,6513.192552
30.604628,20,6514.837568
28.536705,20,6516.845064
20.360636,20,6518.496979
39.121639,20,6520.51418
19.005042,20,6522.531786
29.67482,20,6524.176461
15.507728,20,6526.206424
35.642225,20,6528.23952
34.620355,20,6529.890391
32.362387,20,6531.907441
31.177002,20,6533.561814
0.13565,6,6534.42255
29.717614,20,6536.077276
38.503467,20,6538.093047
35.70474,20,6539.746461
14.915466,20,6541.788913
33.982477,20,6543.811947
35.676944,20,6545.474012
35.929437,20,6547.475575
37.305522,20,6549.513326
39.763916,20,6551.185701
33.391121,20,6553.228152
39.041166,20,6554.883257
31.486385,20,6556.915292
38.32828,20,6558.936682
32.789373,20,6560.594299
27.188709,20,6562.621639
32.416205,20,6564.635317
-3.735518,20,6566.288112
2.173607,20,6568.318432
27.532434,20,6569.992966
35.983618,20,6572.021779
38.117279,20,6574.039568
38.489136,20,6575.701383
25.702708,20,6577.739056
34.389451,20,6579.727027
39.740179,20,6581.376285
30.765311,20,6583.390928
34.674338,20,6585.03909
29.554087,20,6587.050543
30.556113,20,6589.071144
29.556225,20,6590.718458
28.047359,20,6592.735012
33.577618,20,6594.761387
34.240467,20,6596.429299
33.846113,20,6598.483219
36.687263,20,6600.136597
37.295709,20,6602.156581
34.753403,20,6604.193398
36.137351,20,6605.866098
27.76928,20,6607.898339
37.963149,20,6609.918262
39.110381,20,6611.596025
13.645333,20,6613.63391
35.527658,20,6615.296611
33.889856,20,6617.336093
27.523213,20,6619.362918
36.10528,20,6621.037084
26.168411,20,6623.081026
37.407766,20,6625.115673
39.516495,20,6626.792973
30.946175,20,6628.806717
37.481358,20,6630.504826
38.455032,20,6632.538063
24.637664,20,6634.55762
32.494019,20,6636.208603
36.483046,20,6638.22539
30.698125,20,6640.238631
32.09536,20,6641.885909
37.394744,20,6643.899123
29.153999,20,6645.556368
33.982788,20,6647.588488
39.127463,20,6649.60944
36.510611,20,6651.273844
39.739225,20,6653.288345
34.697404,20,6655.305297
34.750867,20,6656.949619
39.666647,20,6658.970078
24.794367,20,6660.617224
18.757399,20,6662.638376
27.524841,20,6664.65561
39.796061,20,6666.304007
30.006275,20,6668.326148
37.175179,20,6670.350016
36.250122,20,6672.005166
36.750704,20,6674.019237
21.239102,20,6675.670292
39.700654,20,6677.69625
21.400165,20,6679.711182
30.22476,20,6681.3633
26.744314,20,6683.419104
38.590867,20,6685.43551
39.682647,20,6687.089548
38.53341,20,6689.111829
32.437257,20,6690.7713
33.399386,20,6692.789638
30.289232,20,6694.819087
35.986251,20,6696.467153
38.257867,20,6698.478497
36.002595,20,6700.512431
32.40231,20,6702.164304
39.550644,20,6704.176855
20.940037,20,6705.821879
31.268232,20,6707.825447
33.58411,20,6709.841277
39.593741,20,6711.490896
38.037728,20,6713.524551
36.106823,20,6715.534628
38.420409,20,6717.185316
31.861787,20,6719.213422
31.708346,20,6720.868886
36.577266,20,6722.886546
33.086408,20,6724.913756
29.525788,20,6726.582903
30.566686,20,6728.614486
35.79132,20,6730.66216
35.779259,20,6732.342325
30.452991,20,6734.389128
15.273975,20,6736.054814
32.605831,20,6738.083591
36.356753,20,6740.121588
34.354107,20,6741.792722
32.13905,20,6743.81466
39.49617,20,6745.839441
33.778603,20,6747.50348
34.637297,20,6749.539515
33.0942,20,6751.203793
29.125147,20,6753.238248
30.401422,20,6755.236535
29.821078,20,6756.879042
35.660775,20,6758.901247
29.666888,20,6760.917363
36.456234,20,6762.563139
34.01608,20,6764.59239
39.108783,20,6766.239438
32.687075,20,6768.282944
34.760093,20,6770.302982
19.123384,20,6771.957905
33.609417,20,6773.978842
25.65283,20,6778.055411
35.069223,20,6779.70951
32.796765,20,6781.723876
32.342545,20,6783.535984
31.086551,20,6785.548475
32.370567,20,6787.586433
11.292185,20,6789.247976
0.151047,6,6790.130037
33.319433,20,6791.786198
30.303148,20,6793.809175
33.989992,20,6795.461407
39.785543,20,6797.491161
32.910966,20,6799.510628
13.842148,20,6801.190517
30.293401,20,6803.204326
34.227414,20,6805.226838
34.586899,20,6806.877692
31.501162,20,6808.901578
28.765993,20,6810.560996
34.483493,20,6812.568797
32.168508,20,6814.588173
36.289427,20,6816.24164
28.554501,20,6818.256937
36.775361,20,6820.275944
-14.086336,5,6820.688339
-11.091596,5,6821.101166
36.51847,20,6822.771963
33.0312,20,6824.780927
37.388186,20,6826.805988
14.417152,20,6828.454409
29.724854,20,6830.468799
39.131008,20,6832.478124
27.383064,20,6834.129016
38.908377,20,6836.141884
18.526688,20,6837.796345
32.924469,20,6839.803554
31.303794,20,6841.824949
19.863289,20,6843.497356
32.700985,20,6845.548008
31.426663,20,6847.563563
38.337148,20,6849.227757
38.75319,20,6851.253915
38.513688,20,6852.928025
31.596339,20,6854.974369
34.76032,20,6857.01561
30.990022,20,6858.688932
18.219826,20,6860.720582
22.524548,20,6862.747654
36.786354,20,6864.412014
33.387547,20,6866.448608
34.59397,20,6868.133702
30.92449,20,6870.161345
38.891803,20,6872.182779
32.581092,20,6873.833381
29.360306,20,6875.824745
34.245622,20,6877.820414
35.133494,20,6879.468622
36.488863,20,6881.483208
36.636386,20,6883.131043
18.403966,20,6885.136261
39.129473,20,6887.152689
34.058692,20,6888.796276
36.479524,20,6890.811131
33.57786,20,6892.82807
34.25093,20,6894.489709
19.396017,20,6896.505553
36.64226,20,6898.156525
13.878182,20,6900.176465
25.914725,20,6902.201875
33.046576,20,6903.863181
32.803271,20,6905.870729
21.868682,20,6907.879228
24.611081,20,6909.531516
27.163226,20,6911.552095
31.833179,20,6913.21078
25.274658,20,6915.225295
32.205738,20,6917.255952
23.881954,20,6918.917351
26.703257,20,6920.931485
29.693046,20,6922.959845
31.926452,20,6924.618668
34.768652,20,6926.670788
23.873343,20,6928.332367
28.277307,20,6930.346997
39.482898,20,6932.359264
28.793221,20,6934.007865
28.204231,20,6936.052571
34.327873,20,6938.079417
29.433783,20,6939.728685
34.643934,20,6941.744241
25.358884,20,6943.395099
27.475386,20,6945.426556
27.786818,20,6947.443578
36.127895,20,6949.095865
31.021286,20,6951.108078
31.003895,20,6953.116146
31.27057,20,6954.763553
23.870548,20,6956.782598
20.20203,20,6958.432138
36.604417,20,6960.445634
28.497665,20,6962.465518
28.166538,20,6964.138229
24.790456,20,6966.145437
34.051547,20,6968.198179
34.141839,20,6969.875234
14.069261,20,6971.911002
31.6253,20,6973.583278
39.654089,20,6975.617431
28.77481,20,6977.649711
36.394222,20,6979.313789
37.390529,20,6981.342875
30.082451,20,6983.374119
39.344629,20,6985.050591
35.081497,20,6987.095544
20.232394,20,6988.797332
34.682689,20,6990.842522
32.26258,20,6992.866354
37.310369,20,6994.515834
31.419543,20,6996.532699
30.567679,20,6998.549203
29.423459,20,7000.198397
14.248794,20,7002.211016
33.539235,20,7003.856955
32.697434,20,7005.873684
35.347837,20,7007.903975
38.061774,20,7009.564612
34.244773,20,7011.593126
38.433822,20,7013.614277
39.442298,20,7015.263158
28.391411,20,7017.281932
34.665812,20,7018.936747
32.492668,20,7020.961108
26.635317,20,7022.994527
31.624355,20,7024.650255
39.750867,20,7026.67933
30.529871,20,7028.702049
36.538033,20,7030.362308
18.297702,20,7032.394788
36.50477,20,7034.046583
27.532108,20,7036.059838
32.030868,20,7038.087846
35.890753,20,7039.752457
34.653942,20,7041.783564
33.114865,20,7043.80249
39.570284,20,7045.464131
25.538449,20,7047.505882
36.945776,20,7049.177517
23.655662,20,7051.209316
30.1704,20,7053.221746
34.11443,20,7054.875053
33.426654,20,7056.90276
29.734676,20,7058.904717
38.788279,20,7060.547628
31.964648,20,7062.56604
31.39695,20,7064.22664
36.531046,20,7066.237837
15.095249,20,7068.256231
36.113808,20,7069.913988
30.44195,20,7073.656363
39.057363,20,7075.6516
16.37633,20,7077.29774
31.569241,20,7079.316016
-1.247825,8,7079.982761
31.556552,20,7082.008698
36.709773,20,7083.711962
30.206261,20,7085.738728
37.238454,20,7087.776429
30.459894,20,7089.44034
20.572276,20,7091.471621
39.018868,20,7093.155452
24.602775,20,7095.182856
27.96664,20,7097.213183
38.416352,20,7098.880752
31.116609,20,7100.902112
32.950028,20,7102.957396
36.66736,20,7104.625544
36.110338,20,7106.65206
27.682899,20,7108.329786
36.684044,20,7110.347719
28.236725,20,7112.362102
28.354265,20,7114.013035
39.669621,20,7116.021643
29.958769,20,7118.037033
35.835937,20,7119.698561
35.853081,20,7121.720626
30.344916,20,7123.365433
31.036174,20,7125.384808
34.738336,20,7127.415658
36.350302,20,7129.056728
29.325767,20,7131.070528
28.42512,20,7133.083074
33.441745,20,7134.743098
38.453413,20,7136.768589
35.108918,20,7138.418832
27.566943,20,7140.427107
34.33016,20,7142.462768
33.550013,20,7144.114004
25.381655,20,7146.133952
36.685499,20,7148.155355
29.582926,20,7149.805253
36.417968,20,7151.824709
30.174702,20,7153.471156
29.277882,20,7155.497496
22.765295,20,7157.521146
37.834422,20,7159.17977
24.928622,20,7161.194185
38.892725,20,7163.214363
36.016817,20,7164.885709
31.593615,20,7166.911091
30.855013,20,7168.561962
35.634179,20,7170.589722
32.288719,20,7172.610087
32.901477,20,7174.257685
39.455303,20,7176.293877
29.460929,20,7178.300765
38.945418,20,7179.940605
36.845943,20,7181.952481
35.377799,20,7183.601496
36.035096,20,7185.627699
37.675583,20,7187.645512
13.691915,20,7189.29364
31.899378,20,7191.309793
39.083269,20,7193.319358
38.897058,20,7194.962165
34.087249,20,7196.979204
39.713533,20,7198.643481
30.699655,20,7200.656716
29.901697,20,7202.678811
39.273317,20,7204.350873
38.23355,20,7206.369523
30.376106,20,7208.397947
33.945745,20,7210.072308
33.408474,20,7212.102847
33.004393,20,7213.773989
33.262758,20,7215.811599
30.193084,20,7217.847144
29.608834,20,7219.518203
25.478364,20,7221.569435
20.153741,20,7223.604476
30.461148,20,7225.275146
31.113757,20,7227.303267
39.763646,20,7228.973417
34.604216,20,7231.019402
34.20707,20,7233.038407
29.937541,20,7234.683783
30.576591,20,7236.704664
23.114837,20,7238.72236
15.654124,20,7240.369885
34.142013,20,7242.385038
36.812711,20,7244.031427
39.259307,20,7246.04361
38.718706,20,7248.058012
36.059268,20,7249.701982
31.184473,20,7251.723509
36.731822,20,7253.729342
38.451147,20,7255.377157
15.412372,20,7257.399094
31.606059,20,7259.051548
39.25816,20,7261.065667
38.460525,20,7263.07541
19.321562,20,7264.730223
29.08469,20,7266.746526
34.806937,20,7268.755157
23.019916,20,7270.415249
38.478874,20,7272.425023
38.725443,20,7274.084125
33.973503,20,7276.103921
39.699777,20,7278.120198
15.986947,20,7279.77746
26.755052,20,7281.795707
34.086891,20,7283.804301
36.546125,20,7285.485471
-3.031283,5,7285.910406
24.854628,20,7287.940529
34.210033,20,7289.972395
23.744341,20,7291.628007
36.06043,20,7293.646853
32.020482,20,7295.303033
18.471231,20,7297.339236
32.775697,20,7299.360225
38.549997,20,7301.019869
28.492797,20,7303.03345
13.230855,20,7305.067967
30.875262,20,7306.720751
31.327264,20,7308.743343
-3.866534,5,7309.17072
35.882855,20,7311.200777
31.258198,20,7312.858173
25.502002,20,7314.879519
19.590298,20,7316.894063
19.58778,20,7318.569729
39.052489,20,7320.62046
34.064764,20,7322.271708
37.450005,20,7324.306545
32.837015,20,7326.352957
28.77407,20,7328.033635
28.665927,20,7330.065221
31.489595,20,7332.094024
23.296245,20,7333.771116
35.747959,20,7335.822505
35.67812,20,7337.489837
24.300464,20,7339.538669
34.011389,20,7341.57723
20.657106,20,7343.258286
14.203994,20,7345.298803
33.899335,20,7347.335601
34.231879,20,7349.036626
39.539246,20,7351.081928
36.620703,20,7352.743394
22.738234,20,7354.776561
14.099654,20,7356.797481
34.731925,20,7358.43902
33.478948,20,7360.450766
36.741736,20,7362.46839
25.413755,20,7364.122454
29.525548,20,7366.14168
33.394516,20,7369.542269
39.648041,20,7371.550904
33.826788,20,7373.565538
30.99546,20,7375.232771
28.802896,20,7377.245725
28.771182,20,7379.258897
34.368836,20,7380.903677
32.283356,20,7382.92205
25.418582,20,7384.602066
38.43019,20,7386.607213
30.338869,20,7388.62049
31.463558,20,7390.277431
39.34857,20,7392.285444
24.953054,20,7394.30077
36.752106,20,7395.951122
26.986375,20,7397.987153
28.28817,20,7399.636563
39.441829,20,7401.664388
36.078715,20,7403.682717
31.988046,20,7405.338168
39.043046,20,7407.353675
33.543805,20,7409.394247
30.526403,20,7411.04671
31.950473,20,7413.068181
27.604945,20,7414.719425
29.679156,20,7416.723885
27.233271,20,7418.758831
13.798663,20,7420.407854
30.926839,20,7422.424198
26.866615,20,7424.442967
29.961283,20,7426.09992
31.191127,20,7428.136315
-19.529917,4,7428.471516
39.709023,20,7430.487121
29.611244,20,7432.133435
30.649345,20,7434.150558
25.993173,20,7435.820304
31.554455,20,7437.842132
24.129299,20,7439.858336
32.409468,20,7441.512417
35.345685,20,7443.54503
32.323137,20,7445.587409
29.865421,20,7447.273475
39.259005,20,7449.322575
31.906546,20,7450.99032
31.148408,20,7453.029246
30.999449,20,7455.071727
36.596047,20,7456.736845
-1.511374,5,7457.144119
21.824912,20,7459.18329
35.878102,20,7461.229233
39.461669,20,7462.901352
25.934585,20,7464.938576
39.665249,20,7466.986345
35.861761,20,7468.679267
-6.537723,5,7469.127265
28.422705,20,7471.154766
39.216784,20,7473.1802
34.335577,20,7474.835857
33.510047,20,7476.862411
30.805083,20,7478.512
35.022581,20,7480.538152
36.379425,20,7482.557641
12.869912,11,7483.466806
28.614523,20,7485.4978
14.641769,12,7486.524625
38.656155,20,7488.573019
-4.807906,5,7488.985647
33.382786,20,7490.63958
18.06869,18,7492.508852
36.658676,20,7494.534339
27.849118,20,7496.194395
32.23056,20,7498.218328
26.635334,20,7500.245553
-11.211319,5,7500.648325
14.507685,20,7502.301486
33.798192,20,7504.325561
25.663834,20,7506.364259
30.747246,20,7508.029273
17.325462,20,7510.051987
34.681174,20,7511.710444
39.675066,20,7513.730066
36.719217,20,7515.750615
39.570533,20,7517.414327
39.468911,20,7519.439521
28.125763,20,7521.451869
34.466843,20,7523.115822
27.862232,20,7525.150619
34.446135,20,7526.816195
39.155973,20,7528.839528
34.306073,20,7530.86563
30.472417,20,7532.523106
33.047704,20,7534.539313
38.505083,20,7536.542271
38.307002,20,7538.197194
38.001519,20,7540.213088
39.571147,20,7541.864976
17.174985,20,7543.871842
38.522225,20,7545.882766
30.032443,20,7547.53975
37.714321,20,7549.557934
8.789534,11,7550.453712
30.015803,20,7552.466403
22.141962,20,7554.486168
33.079625,20,7556.135883
36.826288,20,7558.167124
32.936939,20,7559.832211
33.842061,20,7561.8513
30.544834,20,7563.860759
36.158763,20,7565.520382
36.487455,20,7567.570419
36.259651,20,7569.608915
38.065182,20,7571.279289
33.893743,20,7573.301668
34.786473,20,7574.971229
32.365913,20,7577.00382
35.372864,20,7579.062309
37.445883,20,7580.733106
22.584378,20,7582.762374
35.31427,20,7584.798636
27.066722,20,7586.483883
25.58591,20,7588.543632
31.392106,20,7590.232906
34.667794,20,7592.264666
36.538305,20,7594.282829
32.778149,20,7595.930445
33.509132,20,7597.938961
27.586707,20,7599.954098
32.66173,20,7601.604635
34.364055,20,7603.62639
32.276337,20,7605.302795
38.387553,20,7607.317937
39.100498,20,7609.343191
32.879137,20,7610.991723
25.287216,20,7613.018624
27.770562,20,7615.032066
13.331623,20,7616.684559
20.167177,20,7618.707742
25.579223,20,7620.357871
16.250922,20,7622.379301
35.86406,20,7624.391456
14.439344,20,7626.076318
9.965328,9,7627.211978
32.870164,20,7628.869912
27.189601,20,7630.897806
25.8092,20,7632.556639
30.014399,20,7634.594146
37.145674,20,7636.606508
22.055616,20,7638.266832
31.006745,20,7640.291873
34.646599,20,7642.330863
38.414532,20,7643.988645
35.399619,20,7646.016898
39.76875,20,7647.684041
33.588938,20,7649.708844
39.088417,20,7651.727771
32.353243,20,7653.384721
18.684688,20,7655.388983
31.253161,20,7657.414984
18.514173,20,7659.067021
29.373312,20,7661.099481
34.219609,20,7662.773423
29.7652,20,7666.540431
30.233194,20,7668.550374
31.137275,20,7670.20078
31.338654,20,7672.216971
39.746677,20,7674.242846
25.455501,20,7675.90647
37.378827,20,7677.915817
39.653927,20,7679.600123
25.843922,20,7681.607139
30.075927,20,7683.640548
28.498423,20,7685.297404
39.283655,20,7687.33865
36.701369,20,7689.383654
33.618254,20,7691.040042
39.688433,20,7693.058498
28.346851,20,7694.729522
35.15115,20,7696.7517
25.944687,20,7698.782908
36.769761,20,7700.433577
33.26504,20,7702.475326
35.544733,20,7704.499147
-6.128383,6,7705.021722
33.251053,20,7706.690154
37.338108,20,7708.71582
35.717189,20,7710.753009
9.409088,15,7711.98666
33.868247,20,7714.00775
30.264021,20,7715.662073
26.104969,20,7717.69133
33.940651,20,7719.709987
33.912326,20,7721.356802
38.294346,20,7723.375141
33.504681,20,7725.022173
39.523289,20,7727.058137
32.254992,20,7729.096364
32.149942,20,7730.754177
18.985674,20,7732.788644
39.737435,20,7734.815107
33.480188,20,7736.476168
29.841245,20,7738.514715
32.572047,20,7740.168397
35.87024,20,7742.205936
32.880446,20,7744.231027
39.090803,20,7745.89683
25.926546,20,7747.930459
24.313587,20,7749.95605
35.033515,20,7751.607662
28.714628,20,7753.644436
38.994835,20,7755.306239
30.536996,20,7757.313297
29.665344,20,7759.331054
34.591332,20,7760.996296
38.071226,20,7763.036881
25.469612,20,7765.056273
29.737916,20,7766.717993
32.071784,20,7768.73383
31.28129,20,7770.401406
15.062457,20,7772.40401
30.646306,20,7774.419304
38.950625,20,7776.069052
28.616999,20,7778.099649
32.745292,20,7780.099769
38.753707,20,7781.748978
33.883501,20,7783.775957
34.214609,20,7785.429917
21.747626,20,7787.483613
29.623619,20,7789.499537
12.42562,20,7791.166103
26.253937,20,7793.190386
39.578508,20,7795.222858
34.301507,20,7796.868314
30.376372,20,7798.895458
30.296861,20,7800.556728
39.009897,20,7802.587536
30.536828,20,7804.632472
30.600038,20,7806.296548
31.605671,20,7808.306156
32.409092,20,7810.334409
31.381658,20,7812.004601
39.723,20,7814.045414
34.901282,20,7815.710037
34.125802,20,7817.749056
-7.150131,6,7818.255417
34.457975,20,7820.305363
29.340802,20,7822.352515
32.963001,20,7824.022184
16.864976,20,7826.067639
34.242994,20,7827.753844
31.352202,20,7829.810509
24.030675,20,7831.849276
32.880019,20,7833.517664
31.966894,20,7835.542403
31.450582,20,7837.567521
14.040412,20,7839.217901
19.157838,20,7841.240975
27.816881,20,7842.888898
25.87055,20,7844.909938
38.36216,20,7846.93385
34.404246,20,7848.582967
29.429588,20,7850.609008
38.976236,20,7852.646459
38.163292,20,7854.33148
33.888546,20,7856.3516
33.47456,20,7857.995207
35.699713,20,7860.01623
30.529841,20,7862.057049
20.768214,20,7863.709737
34.321196,20,7865.738176
34.389539,20,7867.776954
36.400439,20,7869.432918
38.647843,20,7871.460509
35.559859,20,7873.121072
26.730845,20,7875.15468
30.139861,20,7877.168127
39.137754,20,7878.817995
-6.431639,6,7879.332366
35.626164,20,7881.375703
21.234757,20,7883.399468
37.440151,20,7885.050505
36.639414,20,7887.072714
30.160429,20,7889.071456
28.00004,20,7890.723903
35.385462,20,7892.756521
37.392321,20,7894.401508
38.904587,20,7896.414089
28.438937,20,7898.447233
23.444466,20,7900.099556
36.567418,20,7902.12593
34.801639,20,7904.151802
31.336857,20,7905.796219
29.235206,20,7907.814296
34.357543,20,7909.462402
29.036827,20,7911.482113
35.729653,20,7913.503757
27.397026,20,7915.16055
36.458937,20,7917.200722
32.512276,20,7919.220839
35.906271,20,7920.873145
24.259145,20,7922.889091
17.015422,20,7924.563515
34.680361,20,7926.589536
27.70382,20,7928.64473
19.70257,20,7930.313093
31.253874,20,7932.338403
22.277952,20,7934.389027
27.346747,20,7936.077249
38.94165,20,7938.122214
33.860821,20,7939.796262
36.569516,20,7941.840015
33.020055,20,7943.881522
39.610754,20,7945.553065
-13.802105,4,7945.902712
26.43408,20,7947.930942
23.25379,20,7949.953141
32.441517,20,7951.62907
36.734233,20,7953.666843
15.567544,20,7955.680309
-13.504901,4,7956.0143
29.462174,20,7957.662767
39.109025,20,7959.690035
34.176975,20,7961.701125
34.311146,20,7965.10212
