OrderID,CustomerID,OrderDate,ProductID,Quantity
1,465,2024-05-03,30,7
2,369,2024-01-26,40,8
3,458,2024-05-08,14,6
4,158,2024-05-09,4,1
5,451,2023-06-22,10,6
6,13,2024-04-13,36,3
7,352,2024-01-22,47,8
8,181,2024-03-19,50,1
9,256,2024-03-15,49,6
10,341,2024-02-08,34,7
11,76,2024-04-22,44,1
12,315,2024-04-04,39,6
13,314,2024-03-08,16,7
14,400,2023-08-06,39,6
15,391,2024-03-19,12,9
16,431,2023-12-23,25,6
17,313,2024-02-19,25,5
18,323,2024-04-25,7,9
19,39,2024-04-26,48,4
20,224,2024-05-10,47,2
21,114,2024-04-18,29,5
22,173,2024-05-02,20,4
23,277,2024-03-24,23,10
24,223,2024-03-01,11,4
25,133,2024-05-09,23,3
26,205,2024-03-12,11,3
27,167,2024-05-01,37,3
28,328,2024-04-14,49,6
29,115,2024-04-24,49,2
30,228,2024-02-19,26,5
31,449,2024-02-29,39,5
32,397,2023-06-16,38,5
33,138,2024-04-27,48,2
34,176,2024-03-19,47,4
35,371,2024-01-13,36,10
36,12,2024-04-30,29,1
37,423,2023-06-02,26,7
38,397,2024-05-11,7,8
39,170,2024-04-19,36,4
40,188,2024-03-14,38,3
41,6,2024-05-05,5,4
42,175,2024-02-24,42,4
43,219,2024-03-08,27,4
44,22,2024-04-26,43,4
45,375,2024-02-13,28,8
46,198,2024-03-06,37,5
47,69,2024-04-12,6,5
48,278,2024-02-13,28,6
49,97,2024-04-22,48,5
50,62,2024-05-03,3,2
51,423,2024-03-25,6,6
52,18,2024-05-10,38,3
53,306,2024-05-03,40,9
54,435,2023-08-23,25,5
55,270,2024-05-01,38,5
56,198,2024-04-01,3,3
57,251,2024-04-06,49,7
58,305,2024-02-24,30,6
59,333,2024-02-17,36,5
60,432,2023-09-30,44,5
61,450,2024-02-28,9,8
62,118,2024-05-05,21,3
63,138,2024-04-28,14,4
64,186,2024-02-23,47,4
65,228,2024-04-29,48,1
66,137,2024-05-09,42,4
67,279,2024-02-22,6,6
68,306,2024-04-23,47,5
69,115,2024-05-08,26,2
70,284,2024-04-09,17,5
71,428,2023-07-31,49,6
72,387,2023-09-15,5,8
73,346,2024-04-21,46,7
74,255,2024-03-08,38,7
75,400,2023-08-24,43,7
76,350,2024-02-05,24,10
77,435,2023-07-22,8,7
78,437,2023-07-21,40,8
79,427,2024-03-25,18,8
80,280,2024-02-16,43,5
81,133,2024-04-22,17,4
82,260,2024-02-23,17,10
83,162,2024-04-29,7,5
84,450,2023-12-15,20,8
85,273,2024-04-21,15,7
86,324,2024-02-13,1,7
87,385,2024-02-26,40,6
88,295,2024-04-14,45,5
89,488,2023-09-07,31,8
90,400,2023-11-11,48,6
91,154,2024-04-30,3,5
92,274,2024-02-21,37,5
93,459,2024-05-02,22,6
94,230,2024-03-15,43,1
95,333,2024-02-19,17,9
96,136,2024-04-30,28,1
97,298,2024-05-09,23,5
98,487,2023-08-18,49,8
99,230,2024-04-19,15,4
100,460,2023-10-21,23,9
101,66,2024-04-30,16,1
102,303,2024-04-19,21,7
103,418,2023-08-21,33,7
104,416,2023-07-25,18,8
105,327,2024-03-08,31,10
106,349,2023-06-23,16,9
107,281,2024-04-29,13,9
108,360,2023-06-12,32,5
109,20,2024-04-17,11,3
110,324,2024-04-07,13,8
111,22,2024-04-14,20,3
112,362,2023-09-13,30,9
113,375,2023-09-25,6,5
114,364,2024-01-05,2,5
115,252,2024-04-17,1,9
116,24,2024-05-10,2,1
117,325,2024-04-16,1,10
118,371,2023-06-17,13,5
119,302,2024-03-26,14,8
120,363,2023-07-20,26,6
121,487,2023-10-20,38,10
122,218,2024-05-06,21,3
123,109,2024-04-16,17,5
124,410,2024-01-11,31,9
125,120,2024-04-18,39,5
126,455,2023-06-01,33,7
127,370,2023-09-24,48,9
128,164,2024-04-18,49,2
129,310,2024-03-24,34,6
130,237,2024-04-02,3,2
131,463,2023-11-12,7,6
132,147,2024-04-18,27,1
133,289,2024-04-20,35,6
134,448,2023-09-30,3,6
135,45,2024-05-02,2,1
136,405,2023-12-09,50,10
137,89,2024-04-19,9,1
138,140,2024-05-05,29,1
139,163,2024-05-10,8,2
140,429,2024-04-05,28,10
141,471,2023-09-21,13,7
142,476,2023-07-15,18,10
143,428,2024-05-04,50,5
144,335,2024-04-08,43,7
145,474,2024-02-06,33,5
146,119,2024-04-18,33,5
147,442,2023-05-30,27,5
148,493,2024-05-08,47,9
149,11,2024-04-24,8,3
150,219,2024-04-16,46,1
151,356,2023-07-29,29,8
152,281,2024-03-31,49,8
153,432,2023-09-06,29,6
154,421,2024-02-29,25,5
155,433,2024-04-13,31,5
156,211,2024-04-15,33,2
157,387,2023-08-02,2,5
158,445,2023-09-18,22,6
159,293,2024-04-11,36,6
160,309,2024-04-10,3,5
161,449,2023-11-28,13,5
162,166,2024-05-07,48,1
163,182,2024-04-27,6,2
164,99,2024-04-12,47,4
165,129,2024-04-22,35,5
166,427,2024-01-06,41,6
167,88,2024-04-21,4,2
168,7,2024-04-15,33,1
169,265,2024-03-18,1,10
170,283,2024-02-18,10,6
171,409,2024-03-12,22,7
172,337,2024-01-24,39,10
173,261,2024-04-16,12,8
174,33,2024-04-13,49,1
175,80,2024-04-12,32,2
176,367,2023-11-20,47,10
177,466,2024-01-22,43,6
178,393,2024-03-04,18,7
179,255,2024-03-29,41,9
180,212,2024-05-10,36,2
181,303,2024-04-07,33,9
182,215,2024-03-24,15,2
183,133,2024-04-20,44,2
184,264,2024-02-26,48,10
185,26,2024-05-02,23,1
186,173,2024-03-13,10,5
187,331,2024-02-23,45,5
188,217,2024-03-27,16,2
189,225,2024-04-03,39,1
190,282,2024-05-07,4,7
191,491,2023-08-07,1,10
192,147,2024-04-19,4,5
193,19,2024-04-23,13,1
194,131,2024-05-02,26,1
195,259,2024-04-15,33,10
196,161,2024-04-12,10,3
197,385,2023-06-22,5,5
198,419,2024-01-15,50,6
199,418,2023-12-29,32,7
200,170,2024-04-10,6,1
201,8,2024-04-14,12,5
202,412,2023-09-10,36,5
203,429,2023-09-24,45,5
204,9,2024-04-24,25,2
205,330,2024-02-28,29,9
206,198,2024-03-18,16,3
207,248,2024-04-18,42,5
208,484,2023-11-14,36,9
209,214,2024-03-22,2,3
210,130,2024-05-08,47,3
211,177,2024-05-01,47,3
212,180,2024-03-28,31,3
213,121,2024-04-12,16,3
214,242,2024-05-02,9,3
215,60,2024-04-28,16,5
216,135,2024-04-20,46,3
217,86,2024-04-14,47,4
218,118,2024-05-07,30,2
219,332,2024-04-23,26,6
220,373,2023-07-31,15,10
221,137,2024-04-13,1,3
222,44,2024-05-07,34,1
223,93,2024-04-17,4,4
224,61,2024-04-28,17,2
225,340,2024-01-18,47,7
226,154,2024-05-10,17,2
227,4,2024-04-19,24,2
228,264,2024-04-15,39,10
229,218,2024-05-06,22,1
230,97,2024-05-06,43,3
231,96,2024-04-17,36,2
232,286,2024-05-01,21,7
233,252,2024-02-21,48,9
234,90,2024-04-27,27,3
235,145,2024-05-03,5,2
236,106,2024-05-07,5,4
237,81,2024-04-21,43,4
238,216,2024-03-20,49,3
239,277,2024-03-04,12,5
240,208,2024-04-23,1,4
241,330,2024-04-18,8,9
242,367,2023-07-24,32,6
243,25,2024-04-12,10,5
244,376,2023-10-20,46,6
245,86,2024-05-06,25,3
246,143,2024-05-08,37,1
247,186,2024-02-28,31,1
248,195,2024-04-04,30,3
249,252,2024-05-01,38,5
250,332,2024-04-15,46,8
251,285,2024-04-08,1,8
252,399,2023-09-16,14,8
253,100,2024-05-11,48,5
254,299,2024-04-25,3,6
255,446,2023-10-06,48,6
256,110,2024-04-12,50,2
257,400,2024-03-28,48,7
258,50,2024-04-23,32,2
259,338,2024-03-11,29,10
260,154,2024-04-20,32,1
261,56,2024-05-08,2,3
262,312,2024-04-03,10,5
263,11,2024-05-11,17,2
264,356,2024-04-06,5,5
265,135,2024-05-11,26,5
266,129,2024-04-27,50,5
267,382,2024-03-29,39,10
268,164,2024-05-09,11,2
269,233,2024-04-24,5,5
270,287,2024-03-04,21,10
271,279,2024-02-27,10,5
272,167,2024-05-10,34,3
273,381,2024-01-16,5,8
274,330,2024-03-03,25,8
275,78,2024-05-05,32,1
276,259,2024-03-22,43,8
277,68,2024-05-02,1,3
278,343,2023-11-11,50,5
279,275,2024-05-04,47,5
280,228,2024-03-29,48,5
281,267,2024-04-05,1,6
282,384,2023-12-21,21,9
283,349,2023-10-27,5,6
284,237,2024-04-12,20,1
285,206,2024-04-17,19,4
286,122,2024-05-05,9,3
287,209,2024-04-20,36,4
288,273,2024-04-12,37,7
289,146,2024-04-26,23,5
290,41,2024-04-14,19,5
291,489,2024-04-12,17,7
292,399,2024-04-27,47,7
293,168,2024-02-18,3,4
294,159,2024-04-26,29,3
295,355,2023-10-27,12,5
296,83,2024-05-09,19,3
297,457,2023-12-17,8,9
298,163,2024-05-09,34,3
299,284,2024-02-24,33,8
300,111,2024-04-23,22,1
301,285,2024-02-13,41,7
302,367,2024-02-21,38,8
303,9,2024-04-19,18,1
304,90,2024-04-28,42,3
305,196,2024-03-19,44,2
306,382,2024-03-27,5,10
307,476,2024-04-18,6,8
308,151,2024-04-30,44,3
309,313,2024-05-10,2,7
310,419,2023-08-18,11,9
311,41,2024-05-08,34,4
312,392,2023-05-31,17,6
313,51,2024-05-05,30,3
314,265,2024-03-22,50,8
315,444,2023-06-03,42,9
316,120,2024-04-20,11,2
317,385,2023-11-12,14,10
318,268,2024-04-06,50,7
319,326,2024-04-26,12,8
320,232,2024-03-17,22,2
321,55,2024-04-23,49,5
322,137,2024-04-20,23,4
323,330,2024-05-10,1,8
324,332,2024-03-10,30,9
325,286,2024-04-28,47,7
326,50,2024-05-10,41,5
327,142,2024-04-21,5,1
328,317,2024-03-09,47,7
329,79,2024-04-14,47,5
330,321,2024-05-07,21,8
331,191,2024-02-17,30,5
332,352,2023-06-28,28,5
333,231,2024-02-12,42,1
334,240,2024-03-30,23,2
335,435,2024-03-11,29,7
336,321,2024-04-03,27,7
337,188,2024-04-20,12,5
338,379,2023-12-31,10,10
339,120,2024-04-12,27,1
340,474,2023-06-20,26,6
341,434,2023-05-24,39,10
342,469,2024-01-19,42,9
343,455,2023-06-15,10,7
344,212,2024-02-26,24,5
345,73,2024-04-18,24,3
346,369,2024-02-01,12,9
347,390,2023-06-26,44,9
348,333,2024-04-20,1,5
349,366,2023-09-24,16,6
350,486,2023-11-18,16,9
351,137,2024-04-28,46,1
352,362,2024-02-07,22,10
353,204,2024-02-20,26,2
354,460,2023-11-19,40,10
355,161,2024-04-16,47,4
356,278,2024-03-17,2,9
357,489,2023-10-16,29,8
358,242,2024-04-11,44,4
359,97,2024-04-19,2,4
360,381,2023-06-19,31,5
361,473,2023-12-17,28,8
362,395,2024-01-08,21,5
363,261,2024-05-11,18,9
364,84,2024-05-01,40,4
365,346,2023-05-27,8,10
366,202,2024-02-29,12,4
367,196,2024-04-30,15,3
368,173,2024-04-16,31,5
369,113,2024-04-20,11,2
370,151,2024-04-21,16,2
371,134,2024-04-20,44,2
372,396,2024-01-26,7,9
373,320,2024-03-19,32,5
374,160,2024-04-29,40,4
375,277,2024-04-05,48,9
376,420,2023-08-04,33,10
377,353,2023-12-03,45,10
378,369,2023-05-17,40,5
379,392,2023-07-24,10,7
380,494,2024-02-21,42,8
381,165,2024-05-03,3,5
382,61,2024-05-05,41,4
383,126,2024-04-20,50,1
384,208,2024-03-19,26,4
385,443,2024-04-25,23,10
386,285,2024-04-06,16,5
387,247,2024-03-14,13,2
388,145,2024-05-09,12,3
389,190,2024-03-09,42,1
390,275,2024-05-05,7,6
391,490,2024-02-18,14,9
392,431,2023-11-28,11,7
393,338,2023-11-17,2,7
394,343,2023-09-23,16,5
395,418,2024-01-30,42,7
396,133,2024-04-12,22,5
397,454,2023-12-30,5,7
398,489,2023-11-02,30,8
399,39,2024-05-02,30,5
400,60,2024-04-12,11,3
401,472,2023-06-01,37,7
402,481,2023-12-17,29,9
403,335,2023-07-07,18,6
404,93,2024-05-01,14,2
405,95,2024-04-27,30,2
406,223,2024-03-06,25,1
407,379,2023-10-26,21,9
408,55,2024-04-23,12,5
409,163,2024-04-30,45,2
410,384,2024-02-27,10,7
411,331,2024-03-27,20,10
412,104,2024-04-30,40,2
413,349,2023-11-04,49,7
414,173,2024-04-11,21,2
415,201,2024-04-22,14,1
416,89,2024-05-08,2,1
417,369,2023-08-15,25,7
418,72,2024-04-29,47,5
419,381,2024-04-29,5,9
420,17,2024-05-07,46,2
421,326,2024-03-09,37,7
422,314,2024-05-07,2,9
423,126,2024-05-11,28,1
424,455,2024-03-09,28,7
425,311,2024-03-27,4,9
426,209,2024-03-24,18,3
427,66,2024-05-02,25,3
428,24,2024-05-09,4,1
429,422,2023-09-30,29,5
430,332,2024-02-29,32,9
431,91,2024-04-21,42,5
432,223,2024-04-18,8,2
433,475,2023-06-02,3,6
434,197,2024-03-16,26,2
435,9,2024-04-13,18,2
436,432,2024-01-31,12,10
437,386,2023-12-08,3,8
438,133,2024-04-24,2,2
439,432,2023-07-07,1,8
440,293,2024-03-19,20,9
441,205,2024-03-15,6,5
442,150,2024-04-19,20,4
443,38,2024-05-07,14,4
444,51,2024-04-30,21,3
445,177,2024-03-26,40,5
446,379,2024-02-07,1,9
447,33,2024-05-08,9,4
448,412,2024-03-02,33,9
449,198,2024-04-10,23,3
450,7,2024-05-11,34,4
451,339,2023-11-01,20,6
452,206,2024-04-30,34,5
453,391,2024-05-11,24,5
454,181,2024-03-14,47,1
455,479,2023-08-22,32,8
456,432,2024-01-15,43,9
457,397,2023-08-23,32,7
458,407,2024-02-04,30,5
459,440,2024-01-25,18,5
460,416,2023-09-25,7,6
461,218,2024-03-04,44,5
462,144,2024-05-07,42,2
463,47,2024-04-19,11,3
464,127,2024-04-24,15,5
465,157,2024-04-23,19,5
466,277,2024-03-07,18,9
467,235,2024-03-24,18,3
468,4,2024-05-08,4,5
469,345,2024-03-25,49,8
470,133,2024-05-09,2,2
471,298,2024-02-22,36,6
472,377,2023-07-26,41,10
473,81,2024-04-15,26,2
474,90,2024-05-10,15,5
475,243,2024-03-21,47,5
476,413,2023-10-02,38,7
477,212,2024-02-23,32,3
478,361,2023-09-20,24,9
479,391,2024-02-14,47,9
480,302,2024-05-04,25,8
481,230,2024-02-14,32,4
482,196,2024-04-24,40,3
483,29,2024-04-12,25,2
484,18,2024-05-01,10,2
485,261,2024-02-29,35,6
486,76,2024-05-08,5,5
487,342,2023-10-22,29,8
488,98,2024-04-14,16,2
489,353,2024-02-22,28,8
490,330,2024-05-01,10,9
491,139,2024-05-06,17,3
492,299,2024-04-02,26,7
493,154,2024-04-13,17,4
494,385,2024-01-17,20,7
495,191,2024-04-12,9,3
496,472,2023-05-30,1,10
497,341,2023-06-13,40,6
498,188,2024-02-25,49,2
499,229,2024-02-17,30,3
500,125,2024-05-02,4,2
501,26,2024-04-12,49,4
502,172,2024-04-01,33,1
503,429,2024-02-01,14,7
504,434,2024-01-20,10,9
505,273,2024-05-02,9,9
506,410,2023-12-24,38,7
507,266,2024-04-06,31,9
508,122,2024-05-07,19,2
509,7,2024-05-06,27,2
510,357,2024-01-06,15,8
511,417,2023-09-07,18,10
512,283,2024-04-22,40,7
513,232,2024-03-07,37,1
514,432,2023-08-22,48,7
515,383,2023-07-21,20,5
516,222,2024-02-14,7,1
517,266,2024-02-18,39,8
518,239,2024-04-29,16,2
519,177,2024-04-25,30,5
520,375,2024-03-10,33,10
521,245,2024-05-03,38,4
522,481,2024-02-29,31,6
523,364,2024-04-06,31,10
524,62,2024-05-11,16,4
525,271,2024-04-11,38,5
526,149,2024-05-04,47,3
527,419,2024-01-20,37,9
528,227,2024-04-02,48,3
529,31,2024-04-29,21,1
530,360,2023-06-11,28,9
531,84,2024-04-18,7,3
532,384,2024-02-24,34,8
533,446,2024-02-03,19,7
534,68,2024-04-26,49,2
535,121,2024-05-05,26,4
536,177,2024-03-01,9,4
537,242,2024-03-04,18,5
538,135,2024-05-08,15,5
539,219,2024-04-24,47,1
540,265,2024-04-26,19,8
541,250,2024-03-20,12,3
542,348,2023-12-27,25,9
543,380,2023-11-30,48,8
544,98,2024-04-18,14,4
545,373,2023-06-13,37,8
546,266,2024-03-19,28,10
547,392,2023-10-16,29,8
548,43,2024-04-19,32,5
549,89,2024-04-25,29,3
550,432,2023-10-12,11,8
551,370,2023-10-24,8,7
552,304,2024-02-17,45,9
553,252,2024-05-06,31,6
554,82,2024-04-18,4,1
555,30,2024-05-03,33,2
556,246,2024-04-07,10,4
557,486,2023-12-20,19,8
558,420,2024-03-18,3,5
559,236,2024-04-12,42,2
560,39,2024-04-19,27,5
561,397,2024-01-15,29,7
562,449,2023-07-27,20,10
563,304,2024-04-24,30,10
564,223,2024-04-27,34,2
565,334,2023-09-30,7,5
566,428,2023-09-18,2,9
567,296,2024-03-29,3,9
568,264,2024-03-06,48,9
569,75,2024-05-10,3,3
570,91,2024-04-23,38,5
571,288,2024-03-06,26,9
572,91,2024-05-10,34,4
573,366,2023-09-21,45,6
574,384,2024-03-15,25,6
575,43,2024-04-21,29,3
576,121,2024-05-02,19,3
577,4,2024-04-23,36,5
578,113,2024-04-16,3,2
579,58,2024-04-15,43,2
580,175,2024-04-01,44,1
581,325,2024-04-05,18,7
582,86,2024-04-25,26,3
583,6,2024-04-28,9,3
584,141,2024-04-22,28,5
585,68,2024-05-09,43,3
586,263,2024-03-13,3,10
587,483,2023-08-27,5,6
588,290,2024-04-17,49,7
589,133,2024-05-08,38,1
590,418,2024-04-25,33,7
591,33,2024-04-25,11,2
592,36,2024-04-22,23,2
593,31,2024-04-12,46,3
594,182,2024-02-28,4,2
595,463,2024-03-26,17,7
596,451,2023-07-01,39,5
597,464,2023-07-03,28,6
598,422,2023-07-02,2,10
599,10,2024-04-20,36,4
600,496,2024-05-04,30,7
601,348,2024-01-28,39,5
602,14,2024-04-12,25,2
603,53,2024-05-10,4,4
604,129,2024-04-26,41,2
605,41,2024-04-24,35,3
606,485,2024-02-16,24,9
607,488,2023-09-23,6,10
608,335,2023-07-15,36,5
609,349,2023-11-29,44,5
610,1,2024-04-27,43,2
611,420,2023-08-30,41,8
612,203,2024-05-11,7,2
613,436,2024-02-29,46,6
614,195,2024-02-25,1,3
615,334,2023-06-18,50,6
616,23,2024-04-16,15,2
617,226,2024-04-20,2,5
618,437,2024-03-06,6,8
619,323,2024-03-31,2,10
620,209,2024-03-23,49,1
621,50,2024-05-08,36,5
622,122,2024-04-20,41,4
623,496,2024-01-03,4,8
624,394,2023-06-06,9,6
625,376,2023-05-26,25,7
626,454,2024-01-23,4,5
627,180,2024-03-27,31,2
628,178,2024-04-28,40,2
629,226,2024-03-25,36,4
630,356,2023-07-26,34,9
631,174,2024-03-06,11,1
632,131,2024-04-17,22,5
633,418,2023-08-16,19,5
634,469,2024-04-30,12,5
635,448,2023-07-16,44,10
636,77,2024-05-10,6,1
637,19,2024-04-23,39,1
638,402,2023-11-18,34,10
639,182,2024-04-27,40,5
640,193,2024-02-25,1,2
641,311,2024-05-02,14,7
642,372,2024-02-24,31,8
643,131,2024-04-30,2,2
644,405,2024-01-20,17,8
645,31,2024-05-06,14,4
646,122,2024-04-17,32,1
647,490,2023-11-23,16,7
648,215,2024-02-13,14,4
649,266,2024-04-21,30,6
650,395,2023-07-20,26,10
651,473,2023-06-20,19,7
652,354,2023-09-23,39,9
653,15,2024-05-07,29,1
654,377,2023-10-09,3,7
655,394,2023-11-23,34,5
656,125,2024-04-13,40,1
657,196,2024-03-08,10,5
658,192,2024-02-28,34,4
659,485,2023-12-22,27,5
660,258,2024-05-05,50,7
661,18,2024-05-04,13,4
662,233,2024-02-29,22,2
663,243,2024-02-22,46,2
664,465,2023-06-05,45,9
665,31,2024-05-03,10,3
666,334,2023-07-09,39,9
667,150,2024-05-07,38,4
668,393,2024-03-13,41,9
669,240,2024-05-10,27,4
670,243,2024-02-13,20,5
671,76,2024-04-25,28,2
672,420,2023-12-21,9,7
673,166,2024-04-18,3,5
674,230,2024-04-30,47,1
675,189,2024-03-19,43,5
676,364,2024-01-10,48,7
677,106,2024-05-11,26,5
678,209,2024-04-03,49,4
679,490,2023-05-12,6,5
680,193,2024-03-08,18,5
681,493,2024-02-09,32,10
682,431,2023-11-26,35,6
683,250,2024-05-10,23,2
684,484,2023-06-01,48,7
685,206,2024-03-29,16,3
686,150,2024-04-27,6,3
687,105,2024-04-14,26,5
688,434,2023-09-23,11,9
689,95,2024-05-02,29,4
690,170,2024-03-02,21,5
691,379,2023-11-02,49,5
692,363,2023-12-01,38,7
693,232,2024-05-09,18,5
694,354,2024-02-16,26,9
695,468,2024-03-16,6,7
696,97,2024-05-03,32,4
697,455,2023-10-29,19,9
698,223,2024-04-12,9,5
699,242,2024-04-28,21,4
700,428,2023-11-07,37,6
701,111,2024-04-17,49,2
702,358,2024-02-13,5,6
703,316,2024-03-27,3,9
704,175,2024-04-05,10,2
705,305,2024-04-21,23,5
706,331,2024-04-05,39,8
707,493,2024-03-21,49,6
708,215,2024-02-16,11,4
709,447,2024-04-13,37,8
710,270,2024-02-25,33,10
711,317,2024-05-06,11,10
712,293,2024-04-01,34,8
713,340,2023-08-06,6,8
714,119,2024-04-25,16,3
715,61,2024-05-10,12,1
716,169,2024-03-15,9,3
717,308,2024-03-24,26,10
718,500,2023-06-16,48,10
719,346,2023-07-03,46,10
720,64,2024-04-17,33,4
721,329,2024-04-04,29,7
722,369,2024-04-05,27,7
723,164,2024-04-27,38,2
724,98,2024-05-01,37,1
725,414,2024-01-14,19,9
726,371,2023-07-25,48,7
727,99,2024-05-11,13,4
728,299,2024-03-06,28,8
729,58,2024-05-10,27,4
730,168,2024-04-22,19,4
731,190,2024-02-13,42,5
732,274,2024-03-04,33,9
733,382,2023-10-23,40,10
734,296,2024-02-19,17,8
735,380,2023-11-16,13,10
736,152,2024-04-25,30,3
737,361,2023-12-06,3,8
738,421,2023-06-04,28,10
739,73,2024-04-15,8,2
740,12,2024-05-11,29,5
741,36,2024-04-15,22,4
742,110,2024-04-14,48,1
743,376,2023-08-04,23,8
744,490,2023-11-22,11,8
745,86,2024-04-20,35,3
746,453,2024-04-11,24,5
747,121,2024-04-27,14,3
748,43,2024-05-01,9,5
749,62,2024-04-16,43,3
750,266,2024-02-21,23,6
751,8,2024-04-25,42,5
752,333,2024-05-05,1,6
753,52,2024-05-09,43,2
754,122,2024-04-17,2,1
755,169,2024-04-21,37,5
756,420,2024-05-06,42,6
757,350,2024-04-22,49,9
758,268,2024-03-19,47,6
759,410,2023-07-04,38,10
760,91,2024-04-27,14,1
761,11,2024-05-08,1,2
762,244,2024-05-01,39,4
763,84,2024-04-16,47,5
764,312,2024-04-02,25,7
765,133,2024-04-27,47,5
766,271,2024-04-19,34,6
767,384,2024-03-26,12,9
768,154,2024-05-04,4,4
769,38,2024-05-01,27,3
770,85,2024-04-30,17,1
771,91,2024-04-15,32,2
772,191,2024-02-17,31,4
773,264,2024-02-23,29,7
774,470,2024-02-03,22,10
775,484,2024-03-29,13,10
776,73,2024-04-20,7,2
777,376,2023-05-29,20,10
778,341,2023-07-11,6,7
779,432,2023-07-26,42,8
780,474,2023-10-24,49,9
781,277,2024-03-25,2,9
782,328,2024-03-17,24,8
783,122,2024-04-12,23,4
784,265,2024-03-23,12,8
785,4,2024-05-10,34,5
786,86,2024-04-23,4,1
787,404,2023-09-22,7,6
788,129,2024-05-08,39,4
789,354,2024-02-01,40,6
790,37,2024-04-14,18,5
791,323,2024-04-28,31,10
792,237,2024-04-30,9,1
793,273,2024-02-23,30,7
794,496,2023-09-24,25,6
795,188,2024-05-08,14,3
796,467,2024-05-03,5,8
797,267,2024-03-04,32,9
798,405,2023-08-10,10,5
799,64,2024-04-24,30,5
800,207,2024-03-14,13,5
801,253,2024-03-15,20,6
802,270,2024-03-20,25,6
803,484,2024-04-08,24,9
804,389,2023-06-19,26,10
805,240,2024-02-23,3,1
806,327,2024-04-10,5,5
807,306,2024-03-14,10,5
808,211,2024-02-21,23,3
809,83,2024-04-16,45,4
810,417,2024-01-23,10,7
811,277,2024-04-19,20,5
812,468,2023-05-15,7,10
813,162,2024-04-13,34,4
814,242,2024-03-11,14,2
815,254,2024-04-17,40,10
816,43,2024-05-08,6,2
817,48,2024-05-04,18,5
818,288,2024-02-25,38,9
819,36,2024-05-09,34,5
820,378,2023-11-15,9,8
821,106,2024-05-11,43,1
822,377,2023-07-03,49,7
823,52,2024-04-16,44,4
824,484,2023-11-10,29,8
825,345,2023-11-08,28,5
826,39,2024-05-10,48,1
827,477,2024-02-26,6,5
828,129,2024-05-05,32,4
829,381,2024-02-16,36,9
830,13,2024-05-08,49,4
831,410,2023-08-27,26,9
832,494,2023-07-28,27,7
833,106,2024-04-26,25,2
834,370,2023-07-02,44,8
835,167,2024-04-22,25,3
836,461,2024-04-04,23,10
837,226,2024-03-27,45,2
838,230,2024-05-10,32,3
839,22,2024-05-10,26,5
840,176,2024-02-18,7,5
841,73,2024-05-07,20,1
842,495,2023-11-15,13,5
843,440,2023-07-12,25,6
844,328,2024-04-09,47,6
845,427,2024-04-12,47,5
846,448,2023-11-16,30,5
847,37,2024-04-23,22,2
848,179,2024-03-30,49,3
849,456,2023-12-04,36,7
850,452,2024-02-21,18,5
851,400,2023-12-18,21,8
852,34,2024-04-25,16,1
853,446,2023-06-13,9,10
854,430,2024-03-08,22,8
855,75,2024-05-04,48,2
856,94,2024-04-13,15,1
857,248,2024-02-24,8,1
858,145,2024-05-01,3,3
859,252,2024-02-20,28,10
860,336,2024-03-30,37,10
861,315,2024-03-13,41,6
862,238,2024-03-25,44,3
863,131,2024-05-08,8,2
864,257,2024-03-18,43,8
865,278,2024-03-05,6,6
866,432,2023-07-15,45,9
867,328,2024-04-16,7,5
868,206,2024-03-18,27,2
869,492,2023-07-02,39,5
870,431,2023-06-23,20,6
871,264,2024-03-14,16,10
872,269,2024-04-27,21,8
873,376,2023-08-13,33,10
874,249,2024-05-05,22,3
875,290,2024-05-01,50,9
876,477,2023-07-09,1,10
877,428,2023-12-02,2,8
878,144,2024-04-15,13,3
879,441,2024-01-03,28,10
880,220,2024-05-08,27,5
881,118,2024-05-09,29,2
882,345,2023-07-28,20,5
883,123,2024-04-19,38,1
884,305,2024-02-17,2,8
885,251,2024-04-02,28,10
886,284,2024-03-03,34,9
887,24,2024-05-05,20,4
888,233,2024-04-23,13,4
889,462,2023-10-03,32,9
890,13,2024-05-07,25,1
891,132,2024-04-22,12,5
892,170,2024-04-22,30,3
893,220,2024-03-04,12,5
894,49,2024-04-14,49,4
895,127,2024-05-09,9,1
896,143,2024-04-17,22,5
897,492,2023-07-01,31,7
898,270,2024-04-14,29,5
899,438,2023-10-18,31,6
900,334,2024-02-23,9,8
901,357,2023-12-28,49,10
902,472,2023-09-24,3,5
903,81,2024-04-24,44,2
904,76,2024-05-11,47,3
905,117,2024-04-19,4,5
906,408,2024-04-30,18,7
907,377,2024-01-28,18,6
908,68,2024-05-04,37,3
909,10,2024-05-03,8,2
910,341,2024-01-05,18,7
911,92,2024-04-18,1,4
912,154,2024-04-30,16,3
913,321,2024-03-24,15,9
914,478,2024-02-17,23,8
915,179,2024-05-10,33,5
916,481,2023-10-17,3,8
917,356,2023-06-05,31,5
918,292,2024-02-22,43,7
919,400,2023-05-14,49,10
920,86,2024-04-30,20,1
921,75,2024-04-21,18,3
922,221,2024-05-03,26,2
923,27,2024-04-15,26,2
924,194,2024-03-20,37,5
925,312,2024-02-26,39,5
926,318,2024-04-30,39,8
927,99,2024-05-04,33,5
928,162,2024-04-25,10,1
929,442,2023-08-26,38,8
930,190,2024-04-09,49,4
931,483,2023-05-14,31,9
932,43,2024-04-13,49,4
933,437,2024-01-20,31,9
934,414,2024-05-01,30,10
935,488,2024-05-09,16,5
936,231,2024-03-07,24,5
937,61,2024-05-06,9,4
938,204,2024-03-16,33,1
939,146,2024-05-11,38,3
940,461,2024-04-15,50,9
941,500,2023-11-23,45,5
942,417,2023-07-21,45,10
943,416,2024-01-29,35,5
944,426,2023-06-08,42,10
945,325,2024-03-12,18,7
946,16,2024-05-08,3,4
947,5,2024-04-12,14,5
948,17,2024-05-10,4,3
949,125,2024-05-03,44,3
950,210,2024-03-02,20,1
951,232,2024-02-18,2,3
952,340,2023-06-19,44,7
953,85,2024-05-10,8,4
954,175,2024-02-28,42,3
955,344,2024-04-19,4,7
956,280,2024-03-11,49,10
957,314,2024-03-17,1,9
958,91,2024-05-03,5,5
959,282,2024-03-25,2,10
960,261,2024-03-03,13,7
961,298,2024-04-10,48,10
962,162,2024-04-22,40,3
963,76,2024-04-21,49,3
964,488,2023-10-15,6,9
965,199,2024-04-25,43,1
966,282,2024-03-16,13,7
967,462,2024-02-28,44,10
968,388,2023-10-24,32,5
969,490,2023-09-22,7,10
970,487,2023-06-28,47,10
971,91,2024-05-03,30,4
972,392,2023-07-20,50,8
973,361,2023-09-03,11,6
974,237,2024-03-03,10,3
975,236,2024-03-26,44,3
976,288,2024-03-15,29,6
977,34,2024-05-05,41,2
978,189,2024-04-20,2,5
979,407,2023-11-19,10,5
980,86,2024-05-10,24,5
981,117,2024-05-05,3,1
982,499,2023-11-24,29,9
983,380,2023-08-25,19,5
984,94,2024-04-26,32,4
985,101,2024-05-07,38,1
986,474,2024-04-17,30,7
987,347,2024-04-05,45,6
988,274,2024-03-31,16,6
989,64,2024-04-13,16,5
990,119,2024-05-07,44,2
991,234,2024-04-24,49,4
992,460,2023-05-14,23,5
993,38,2024-04-20,29,5
994,198,2024-04-30,27,3
995,422,2024-01-08,23,5
996,393,2024-01-05,24,8
997,443,2024-01-05,48,7
998,89,2024-04-14,44,3
999,370,2024-03-17,1,7
1000,405,2024-01-24,43,9
1001,420,2023-10-15,45,9
1002,114,2024-04-12,34,3
1003,95,2024-04-18,38,5
1004,334,2023-06-22,21,6
1005,27,2024-04-14,18,5
1006,207,2024-02-24,34,1
1007,217,2024-05-11,40,5
1008,380,2023-12-04,45,5
1009,248,2024-04-03,46,5
1010,28,2024-04-20,34,5
1011,489,2023-07-12,13,5
1012,95,2024-04-14,24,3
1013,251,2024-02-16,28,8
1014,100,2024-04-14,11,3
1015,407,2023-09-12,36,9
1016,191,2024-04-13,11,4
1017,135,2024-04-27,15,1
1018,196,2024-05-10,18,2
1019,32,2024-04-22,20,4
1020,40,2024-04-15,16,2
1021,144,2024-04-15,19,1
1022,365,2024-03-25,30,9
1023,350,2023-12-11,11,5
1024,436,2023-08-28,21,10
1025,357,2024-03-19,37,7
1026,19,2024-04-15,2,2
1027,63,2024-04-27,7,3
1028,400,2023-11-24,45,5
1029,468,2023-07-28,50,6
1030,83,2024-05-01,45,3
1031,31,2024-04-13,18,1
1032,475,2024-03-30,29,7
1033,226,2024-04-07,32,2
1034,119,2024-04-27,24,3
1035,456,2023-09-29,22,9
1036,330,2024-04-01,2,8
1037,377,2024-02-14,26,6
1038,370,2024-02-20,16,9
1039,339,2023-09-29,5,10
1040,63,2024-04-13,30,2
1041,455,2024-01-01,43,8
1042,53,2024-05-02,36,3
1043,48,2024-04-13,42,4
1044,494,2023-11-20,16,8
1045,102,2024-04-19,7,3
1046,51,2024-05-08,25,2
1047,199,2024-05-04,37,3
1048,191,2024-04-10,8,3
1049,493,2024-03-25,44,6
1050,288,2024-03-12,13,8
1051,445,2024-01-22,32,9
1052,18,2024-04-16,6,3
1053,112,2024-04-13,37,4
1054,379,2023-10-20,16,7
1055,436,2023-11-17,26,6
1056,248,2024-02-25,27,1
1057,322,2024-03-12,46,7
1058,315,2024-03-21,1,7
1059,125,2024-04-22,30,3
1060,355,2024-03-13,32,10
1061,417,2023-07-04,16,5
1062,328,2024-02-24,44,5
1063,31,2024-04-28,38,4
1064,334,2024-04-15,7,9
1065,116,2024-05-10,49,4
1066,313,2024-02-16,20,9
1067,365,2024-04-19,4,9
1068,342,2023-07-03,28,8
1069,268,2024-02-13,45,8
1070,147,2024-05-04,20,2
1071,208,2024-03-05,45,5
1072,105,2024-04-18,15,4
1073,146,2024-05-03,17,2
1074,63,2024-05-06,50,1
1075,272,2024-04-12,31,5
1076,422,2023-10-13,36,7
1077,106,2024-05-03,32,1
1078,47,2024-04-16,12,2
1079,132,2024-05-11,9,1
1080,38,2024-04-21,41,4
1081,287,2024-03-19,30,5
1082,365,2024-01-20,20,10
1083,200,2024-04-13,19,1
1084,100,2024-04-12,11,3
1085,282,2024-02-19,21,6
1086,250,2024-02-26,7,3
1087,387,2024-03-08,8,5
1088,190,2024-04-07,46,2
1089,394,2023-10-13,35,9
1090,63,2024-05-11,1,4
1091,156,2024-04-15,20,2
1092,288,2024-02-17,17,8
1093,260,2024-03-05,10,9
1094,481,2024-04-01,13,5
1095,478,2023-12-22,39,6
1096,322,2024-04-25,5,7
1097,83,2024-05-05,44,3
1098,300,2024-03-12,43,5
1099,483,2023-05-12,13,8
1100,283,2024-03-04,36,7
1101,139,2024-04-29,39,1
1102,475,2023-09-11,30,9
1103,139,2024-05-09,12,4
1104,221,2024-02-23,5,2
1105,219,2024-04-23,3,4
1106,44,2024-04-28,42,1
1107,453,2023-05-24,38,8
1108,153,2024-04-17,27,5
1109,167,2024-03-18,46,4
1110,425,2023-09-23,33,7
1111,335,2024-01-04,25,6
1112,63,2024-05-03,41,3
1113,424,2023-09-21,4,9
1114,62,2024-05-07,34,5
1115,40,2024-04-17,27,2
1116,274,2024-03-21,18,7
1117,133,2024-05-11,14,5
1118,225,2024-03-07,25,1
1119,133,2024-04-24,2,3
1120,425,2023-07-23,14,5
1121,373,2024-01-04,5,8
1122,29,2024-04-30,24,1
1123,429,2024-03-18,17,10
1124,342,2023-12-25,44,8
1125,106,2024-04-21,40,3
1126,55,2024-04-12,47,1
1127,389,2024-03-24,44,6
1128,180,2024-05-08,45,4
1129,290,2024-04-29,38,6
1130,77,2024-05-02,14,5
1131,416,2023-05-30,35,8
1132,186,2024-03-05,13,2
1133,92,2024-04-15,1,2
1134,119,2024-05-04,11,1
1135,95,2024-04-12,35,2
1136,458,2023-10-02,44,6
1137,13,2024-05-03,28,2
1138,30,2024-04-24,5,3
1139,99,2024-05-07,44,5
1140,141,2024-05-07,23,5
1141,260,2024-02-25,17,6
1142,56,2024-04-18,41,3
1143,34,2024-05-04,37,3
1144,158,2024-04-14,26,1
1145,280,2024-02-14,24,8
1146,213,2024-02-28,17,3
1147,365,2023-12-21,44,10
1148,381,2023-06-03,26,10
1149,278,2024-03-14,8,5
1150,115,2024-05-11,40,4
1151,280,2024-05-09,50,7
1152,383,2023-08-06,12,6
1153,89,2024-05-02,21,4
1154,249,2024-04-17,25,2
1155,91,2024-05-01,25,3
1156,438,2023-10-23,43,5
1157,108,2024-04-16,30,3
1158,458,2023-09-09,40,8
1159,249,2024-03-08,20,1
1160,425,2023-05-12,40,6
1161,335,2024-02-10,25,6
1162,1,2024-05-07,45,4
1163,370,2024-03-03,37,5
1164,486,2023-10-25,39,5
1165,314,2024-03-24,15,5
1166,208,2024-02-17,37,3
1167,303,2024-02-14,48,9
1168,213,2024-04-13,13,4
1169,416,2023-11-19,1,10
1170,381,2024-01-16,48,9
1171,308,2024-03-01,15,5
1172,24,2024-04-24,22,5
1173,408,2024-03-09,42,8
1174,357,2024-02-17,10,9
1175,17,2024-04-19,2,5
1176,144,2024-04-19,4,3
1177,420,2023-07-03,38,8
1178,120,2024-05-10,36,1
1179,331,2024-03-04,15,10
1180,279,2024-05-11,27,10
1181,293,2024-02-24,34,6
1182,394,2023-08-13,30,8
1183,248,2024-04-05,17,2
1184,29,2024-04-18,28,5
1185,296,2024-04-25,34,8
1186,150,2024-05-10,48,4
1187,376,2024-03-07,20,6
1188,91,2024-05-02,7,4
1189,314,2024-04-11,20,7
1190,202,2024-02-12,24,2
1191,70,2024-05-04,39,2
1192,98,2024-05-10,3,4
1193,102,2024-04-19,46,2
1194,299,2024-03-05,27,10
1195,486,2023-09-20,27,10
1196,95,2024-05-10,48,4
1197,28,2024-05-08,5,3
1198,366,2023-07-05,42,10
1199,47,2024-05-11,4,1
1200,324,2024-03-11,43,7
1201,135,2024-04-14,21,1
1202,329,2024-04-16,32,6
1203,294,2024-04-25,23,10
1204,83,2024-05-04,7,3
1205,230,2024-04-19,22,2
1206,157,2024-05-05,6,5
1207,75,2024-04-18,14,3
1208,425,2023-06-26,3,9
1209,141,2024-05-08,41,2
1210,292,2024-03-29,21,10
1211,458,2023-06-17,48,9
1212,119,2024-05-10,4,4
1213,407,2024-04-14,43,10
1214,127,2024-04-13,31,5
1215,334,2023-11-24,10,10
1216,91,2024-04-17,4,2
1217,226,2024-02-25,21,4
1218,2,2024-04-29,47,4
1219,464,2023-09-20,45,8
1220,147,2024-05-10,10,2
1221,429,2024-01-04,44,10
1222,57,2024-05-10,12,3
1223,368,2024-01-22,44,8
1224,145,2024-05-06,44,1
1225,307,2024-03-14,50,10
1226,326,2024-03-02,31,10
1227,278,2024-03-26,14,8
1228,467,2023-11-28,11,8
1229,387,2023-06-13,41,9
1230,163,2024-05-06,34,3
1231,407,2023-10-07,17,10
1232,162,2024-04-28,32,2
1233,199,2024-04-06,11,1
1234,458,2023-08-23,27,8
1235,318,2024-05-07,26,7
1236,350,2024-03-01,50,10
1237,229,2024-03-02,26,3
1238,216,2024-04-10,50,5
1239,74,2024-05-08,31,5
1240,369,2023-12-08,36,5
1241,321,2024-02-21,5,6
1242,347,2023-12-15,19,6
1243,32,2024-05-02,38,3
1244,430,2024-01-16,33,6
1245,471,2024-05-01,21,5
1246,458,2023-08-02,26,9
1247,290,2024-04-24,47,5
1248,358,2023-12-11,3,5
1249,126,2024-05-08,17,2
1250,34,2024-04-27,47,5
1251,363,2024-03-22,43,5
1252,306,2024-04-07,45,7
1253,480,2023-06-01,21,8
1254,237,2024-03-07,1,5
1255,36,2024-05-04,49,2
1256,245,2024-03-25,38,3
1257,361,2023-11-23,6,5
1258,156,2024-05-03,15,1
1259,381,2024-03-25,43,9
1260,218,2024-03-14,37,1
1261,212,2024-04-04,50,3
1262,58,2024-04-23,5,1
1263,258,2024-03-13,28,5
1264,407,2023-11-07,41,6
1265,28,2024-05-02,11,4
1266,54,2024-04-21,3,5
1267,232,2024-04-28,50,3
1268,391,2024-03-25,18,9
1269,261,2024-02-15,30,8
1270,47,2024-04-20,16,5
1271,79,2024-04-16,19,1
1272,446,2023-08-24,25,5
1273,128,2024-04-12,46,2
1274,113,2024-04-13,37,4
1275,184,2024-03-09,48,1
1276,208,2024-03-12,44,1
1277,458,2023-11-25,46,7
1278,457,2023-10-25,43,6
1279,31,2024-04-19,6,2
1280,470,2023-06-18,49,6
1281,45,2024-05-04,9,4
1282,282,2024-05-07,10,5
1283,195,2024-04-04,16,2
1284,5,2024-05-09,30,3
1285,336,2024-03-17,35,8
1286,298,2024-05-10,40,7
1287,74,2024-04-20,14,5
1288,279,2024-03-31,24,5
1289,381,2024-02-07,35,6
1290,495,2024-01-30,16,8
1291,204,2024-04-17,38,1
1292,480,2023-07-04,25,8
1293,110,2024-04-22,35,2
1294,370,2023-07-07,48,8
1295,144,2024-05-08,4,3
1296,11,2024-05-05,1,3
1297,374,2024-02-12,7,8
1298,118,2024-05-05,32,5
1299,172,2024-04-09,48,5
1300,22,2024-04-30,16,2
1301,340,2023-07-25,1,10
1302,151,2024-04-25,23,3
1303,293,2024-03-15,26,8
1304,254,2024-03-20,14,5
1305,291,2024-03-03,11,5
1306,268,2024-03-11,1,5
1307,258,2024-02-16,20,10
1308,141,2024-05-07,36,1
1309,266,2024-04-29,13,6
1310,3,2024-05-03,46,4
1311,132,2024-05-09,7,5
1312,477,2024-03-26,39,8
1313,134,2024-04-16,15,4
1314,263,2024-05-08,37,5
1315,454,2023-12-27,3,10
1316,30,2024-04-16,17,3
1317,351,2023-08-05,26,6
1318,500,2023-06-03,41,10
1319,295,2024-03-19,14,9
1320,436,2024-05-10,24,7
1321,378,2024-03-25,8,10
1322,498,2023-11-27,29,6
1323,221,2024-05-03,20,3
1324,61,2024-05-09,48,5
1325,9,2024-05-06,13,2
1326,68,2024-04-15,36,2
1327,196,2024-04-23,38,5
1328,285,2024-03-31,27,9
1329,168,2024-03-02,14,2
1330,241,2024-03-06,21,5
1331,465,2023-06-22,27,7
1332,196,2024-03-17,23,2
1333,151,2024-04-28,13,1
1334,47,2024-05-02,41,1
1335,379,2023-05-19,33,8
1336,217,2024-04-25,42,4
1337,223,2024-03-24,22,2
1338,155,2024-05-07,43,1
1339,470,2023-06-11,36,6
1340,120,2024-04-25,34,1
1341,471,2023-10-12,25,9
1342,287,2024-04-25,6,8
1343,490,2023-10-28,47,5
1344,120,2024-04-15,8,5
1345,446,2023-09-18,3,5
1346,140,2024-04-20,37,5
1347,107,2024-05-03,39,1
1348,64,2024-04-27,38,5
1349,262,2024-03-07,39,8
1350,416,2024-02-16,15,6
1351,104,2024-04-12,2,5
1352,129,2024-05-02,31,1
1353,350,2023-10-27,32,6
1354,117,2024-05-10,38,4
1355,328,2024-02-13,9,9
1356,133,2024-05-05,39,2
1357,407,2023-10-27,29,8
1358,250,2024-05-04,3,5
1359,106,2024-04-13,3,3
1360,484,2023-08-28,35,10
1361,231,2024-03-06,47,4
1362,496,2023-11-14,24,5
1363,352,2023-12-02,24,7
1364,194,2024-04-21,43,2
1365,96,2024-04-24,44,3
1366,228,2024-05-11,3,5
1367,172,2024-03-10,3,1
1368,174,2024-02-21,11,5
1369,38,2024-04-23,8,4
1370,266,2024-04-11,31,7
1371,96,2024-04-29,26,2
1372,103,2024-04-15,36,4
1373,164,2024-04-18,6,4
1374,248,2024-03-03,22,2
1375,295,2024-04-29,48,7
1376,161,2024-05-05,49,5
1377,492,2024-04-21,18,8
1378,293,2024-04-04,3,5
1379,295,2024-02-25,1,10
1380,227,2024-02-24,19,4
1381,494,2024-02-08,27,5
1382,19,2024-05-01,30,5
1383,32,2024-04-13,24,4
1384,336,2024-03-18,36,9
1385,152,2024-04-27,14,3
1386,280,2024-03-05,12,5
1387,229,2024-03-22,47,1
1388,289,2024-04-17,22,7
1389,344,2023-08-16,32,9
1390,113,2024-05-11,39,3
1391,448,2023-08-06,43,5
1392,284,2024-03-11,36,6
1393,152,2024-05-01,1,1
1394,457,2024-01-21,16,8
1395,102,2024-04-30,33,3
1396,355,2023-08-17,23,8
1397,213,2024-03-11,41,1
1398,60,2024-05-02,47,3
1399,265,2024-04-03,5,8
1400,286,2024-03-07,24,5
1401,315,2024-02-22,42,8
1402,466,2024-05-10,39,10
1403,449,2023-06-24,41,5
1404,344,2023-06-17,1,10
1405,428,2023-10-08,50,5
1406,374,2024-03-08,22,9
1407,159,2024-05-02,29,4
1408,475,2024-01-01,29,9
1409,364,2024-03-20,30,8
1410,69,2024-04-18,3,4
1411,480,2023-07-08,11,9
1412,185,2024-02-23,3,5
1413,280,2024-02-23,1,8
1414,481,2023-06-10,13,8
1415,420,2023-09-08,32,10
1416,12,2024-05-03,18,4
1417,46,2024-05-08,16,3
1418,47,2024-04-20,43,3
1419,95,2024-04-29,41,4
1420,253,2024-03-12,41,9
1421,186,2024-02-18,6,4
1422,109,2024-04-12,29,2
1423,416,2023-06-11,44,5
1424,303,2024-02-21,47,10
1425,36,2024-04-29,41,3
1426,6,2024-05-01,29,1
1427,141,2024-04-19,37,5
1428,166,2024-04-15,37,3
1429,492,2024-05-08,23,5
1430,200,2024-02-13,24,1
1431,29,2024-05-03,36,5
1432,129,2024-04-26,37,3
1433,55,2024-04-12,38,5
1434,446,2024-03-23,20,10
1435,179,2024-04-22,46,4
1436,350,2023-05-27,5,5
1437,206,2024-03-09,11,4
1438,453,2024-02-29,40,7
1439,136,2024-04-25,8,4
1440,436,2023-09-29,2,5
1441,104,2024-04-27,30,3
1442,35,2024-05-09,4,2
1443,166,2024-05-11,23,2
1444,362,2023-11-12,1,8
1445,251,2024-04-07,16,9
1446,480,2023-05-14,10,10
1447,154,2024-05-10,49,1
1448,281,2024-03-14,5,9
1449,351,2024-03-22,17,10
1450,114,2024-05-03,39,2
1451,13,2024-04-13,19,3
1452,411,2023-12-12,3,5
1453,164,2024-05-02,5,2
1454,32,2024-04-25,8,2
1455,87,2024-04-16,10,5
1456,435,2023-07-10,1,10
1457,397,2024-01-05,11,10
1458,351,2023-12-21,16,5
1459,355,2023-07-06,38,6
1460,226,2024-05-02,34,4
1461,461,2023-09-20,45,6
1462,38,2024-04-26,9,3
1463,116,2024-05-05,23,4
1464,395,2024-05-01,35,5
1465,28,2024-04-22,31,1
1466,280,2024-04-06,3,10
1467,1,2024-04-15,42,4
1468,90,2024-04-20,14,3
1469,479,2023-10-11,18,8
1470,432,2023-08-14,49,8
1471,416,2023-05-25,36,10
1472,333,2024-02-15,11,10
1473,178,2024-02-18,22,4
1474,323,2024-05-04,11,7
1475,158,2024-05-05,34,4
1476,440,2023-11-13,8,9
1477,348,2023-10-27,50,8
1478,238,2024-04-18,1,1
1479,376,2024-04-11,42,6
1480,95,2024-04-26,47,3
1481,337,2023-12-01,38,9
1482,392,2023-11-30,33,5
1483,438,2023-10-28,16,5
1484,255,2024-03-07,31,10
1485,238,2024-02-27,32,3
1486,215,2024-04-03,4,3
1487,231,2024-03-03,23,5
1488,494,2023-10-04,9,7
1489,248,2024-02-22,1,5
1490,34,2024-04-21,1,4
1491,348,2023-10-12,37,6
1492,104,2024-05-11,25,2
1493,187,2024-02-26,48,3
1494,452,2024-02-05,6,9
1495,198,2024-04-26,9,1
1496,121,2024-04-22,15,5
1497,192,2024-05-01,10,2
1498,75,2024-05-09,27,4
1499,148,2024-04-18,41,2
1500,342,2023-06-30,22,10
1501,282,2024-02-27,10,5
1502,119,2024-04-17,34,1
1503,441,2023-09-10,48,9
1504,167,2024-04-27,45,1
1505,75,2024-05-03,50,5
1506,409,2024-03-11,33,9
1507,258,2024-05-08,41,8
1508,149,2024-05-04,13,5
1509,339,2023-12-27,38,8
1510,115,2024-04-18,3,2
1511,396,2024-04-03,22,6
1512,450,2023-07-14,24,5
1513,311,2024-03-12,43,7
1514,490,2024-04-17,24,7
1515,462,2023-08-02,20,9
1516,385,2023-07-29,8,8
1517,297,2024-04-01,15,10
1518,142,2024-05-07,2,4
1519,209,2024-03-01,49,4
1520,20,2024-05-02,48,4
1521,372,2024-04-30,29,8
1522,124,2024-04-23,37,2
1523,218,2024-03-23,37,3
1524,43,2024-04-25,1,1
1525,393,2024-03-12,29,5
1526,177,2024-04-07,47,1
1527,48,2024-04-25,48,3
1528,44,2024-04-23,6,1
1529,54,2024-04-27,36,3
1530,414,2023-09-05,28,10
1531,313,2024-03-16,33,7
1532,362,2024-04-20,36,5
1533,308,2024-04-27,17,10
1534,342,2023-11-08,21,5
1535,263,2024-03-20,32,10
1536,461,2024-01-25,21,8
1537,168,2024-03-30,29,1
1538,330,2024-03-15,21,7
1539,334,2023-12-27,47,5
1540,258,2024-02-17,45,9
1541,452,2023-07-03,25,8
1542,168,2024-03-30,4,1
1543,149,2024-04-29,30,4
1544,268,2024-04-01,26,7
1545,175,2024-04-21,27,4
1546,235,2024-03-16,39,5
1547,89,2024-04-25,29,5
1548,296,2024-04-09,24,10
1549,299,2024-02-21,12,9
1550,300,2024-04-12,18,10
1551,121,2024-04-25,12,2
1552,257,2024-04-02,40,5
1553,199,2024-04-19,14,3
1554,175,2024-04-15,24,1
1555,13,2024-04-29,26,5
1556,303,2024-03-09,16,6
1557,122,2024-04-24,9,1
1558,271,2024-05-09,11,5
1559,133,2024-05-08,18,2
1560,241,2024-02-29,4,2
1561,116,2024-04-21,5,5
1562,35,2024-04-17,8,1
1563,312,2024-04-01,46,10
1564,446,2024-03-19,36,8
1565,381,2024-03-06,27,10
1566,77,2024-04-18,23,5
1567,340,2024-04-27,8,8
1568,444,2023-10-01,12,5
1569,433,2024-03-20,29,6
1570,441,2024-03-23,48,8
1571,104,2024-04-13,33,5
1572,175,2024-03-22,26,2
1573,458,2023-09-23,27,7
1574,25,2024-05-05,8,3
1575,77,2024-04-14,45,2
1576,69,2024-04-30,32,2
1577,373,2023-08-24,48,9
1578,315,2024-03-16,4,7
1579,234,2024-04-24,19,4
1580,264,2024-04-11,24,6
1581,461,2023-07-08,29,7
1582,421,2023-08-09,16,5
1583,455,2024-03-08,17,9
1584,57,2024-04-28,10,3
1585,105,2024-04-15,20,5
1586,433,2023-07-12,36,7
1587,218,2024-05-06,45,5
1588,20,2024-05-02,16,2
1589,426,2023-11-09,20,10
1590,295,2024-04-17,39,9
1591,214,2024-03-01,14,3
1592,64,2024-04-13,7,2
1593,203,2024-03-28,3,1
1594,445,2024-03-20,6,6
1595,340,2024-03-02,14,5
1596,57,2024-04-30,20,1
1597,61,2024-04-15,1,2
1598,322,2024-04-27,2,9
1599,242,2024-02-15,5,5
1600,14,2024-04-20,10,5
1601,362,2023-10-26,5,7
1602,198,2024-05-10,47,4
1603,11,2024-04-15,7,5
1604,126,2024-04-18,27,4
1605,1,2024-04-23,39,5
1606,325,2024-04-03,42,9
1607,450,2024-03-11,14,5
1608,253,2024-04-16,45,9
1609,376,2023-09-05,10,8
1610,311,2024-04-21,10,9
1611,221,2024-03-25,16,5
1612,372,2023-11-03,33,5
1613,240,2024-03-20,24,5
1614,450,2023-12-08,18,6
1615,346,2024-03-03,34,5
1616,372,2023-08-02,29,10
1617,218,2024-05-05,18,4
1618,400,2023-06-01,47,8
1619,104,2024-04-27,23,3
1620,74,2024-04-19,17,2
1621,248,2024-02-14,21,1
1622,343,2024-03-27,50,9
1623,27,2024-04-12,30,2
1624,21,2024-04-23,43,2
1625,213,2024-03-30,42,1
1626,499,2024-02-20,16,7
1627,207,2024-02-28,13,2
1628,20,2024-04-26,31,4
1629,387,2023-05-21,49,5
1630,15,2024-04-20,45,3
1631,92,2024-05-03,15,2
1632,270,2024-03-04,11,7
1633,147,2024-05-03,28,2
1634,158,2024-04-20,48,4
1635,303,2024-04-16,6,8
1636,247,2024-02-27,35,1
1637,368,2023-05-26,41,9
1638,413,2023-08-12,13,5
1639,330,2024-03-02,5,8
1640,305,2024-04-13,8,8
1641,349,2023-10-17,43,10
1642,470,2024-02-05,35,9
1643,435,2024-05-03,33,5
1644,179,2024-03-01,30,3
1645,167,2024-04-29,40,4
1646,441,2024-02-16,6,5
1647,249,2024-04-07,36,4
1648,308,2024-03-05,5,9
1649,391,2023-12-12,41,6
1650,329,2024-03-17,49,5
1651,74,2024-05-11,24,3
1652,120,2024-04-12,42,4
1653,122,2024-04-18,18,2
1654,32,2024-05-04,7,2
1655,355,2024-03-30,22,5
1656,427,2023-08-28,48,8
1657,82,2024-04-22,31,5
1658,244,2024-05-05,9,5
1659,184,2024-04-18,9,5
1660,88,2024-05-03,11,1
1661,249,2024-04-29,48,2
1662,282,2024-05-06,13,8
1663,449,2023-08-03,17,9
1664,236,2024-03-20,19,1
1665,122,2024-04-22,31,4
1666,343,2023-12-01,49,9
1667,262,2024-02-15,2,10
1668,361,2023-06-01,43,5
1669,200,2024-05-02,35,3
1670,179,2024-03-20,25,5
1671,244,2024-03-09,19,1
1672,5,2024-04-21,39,1
1673,56,2024-04-19,46,3
1674,326,2024-02-25,42,5
1675,400,2024-02-12,11,6
1676,147,2024-05-09,33,1
1677,256,2024-04-27,29,6
1678,432,2024-01-31,44,7
1679,62,2024-04-16,36,2
1680,171,2024-02-22,7,5
1681,172,2024-03-13,29,5
1682,11,2024-04-26,46,1
1683,8,2024-04-18,11,2
1684,348,2024-02-02,25,6
1685,208,2024-03-31,25,4
1686,343,2024-04-13,37,9
1687,73,2024-05-03,12,5
1688,105,2024-04-16,17,5
1689,12,2024-05-02,30,5
1690,343,2023-07-16,23,6
1691,412,2023-12-03,34,10
1692,80,2024-04-13,37,5
1693,477,2023-09-25,34,9
1694,460,2023-05-20,4,6
1695,310,2024-03-06,26,7
1696,402,2024-01-10,34,5
1697,465,2023-06-01,47,10
1698,26,2024-04-28,7,2
1699,190,2024-04-04,36,2
1700,335,2024-01-19,45,9
1701,286,2024-03-16,44,5
1702,202,2024-03-24,35,3
1703,167,2024-05-06,35,1
1704,280,2024-05-07,23,9
1705,185,2024-04-23,21,3
1706,44,2024-04-29,6,5
1707,456,2023-11-27,35,9
1708,341,2024-02-16,8,7
1709,29,2024-04-21,38,1
1710,13,2024-04-13,32,5
1711,33,2024-04-30,37,3
1712,470,2024-05-02,31,5
1713,176,2024-03-06,1,1
1714,220,2024-05-07,45,5
1715,204,2024-04-12,43,2
1716,269,2024-04-05,18,9
1717,301,2024-03-17,47,8
1718,472,2024-05-07,2,10
1719,136,2024-04-26,7,3
1720,94,2024-04-13,32,3
1721,245,2024-02-18,29,4
1722,496,2023-08-31,13,7
1723,405,2023-07-02,41,6
1724,24,2024-04-21,46,5
1725,131,2024-05-02,43,2
1726,301,2024-02-20,22,8
1727,86,2024-05-10,13,5
1728,237,2024-04-19,11,2
1729,369,2023-10-21,1,8
1730,464,2023-08-15,7,8
1731,308,2024-04-29,20,5
1732,67,2024-05-09,23,3
1733,8,2024-04-30,12,3
1734,120,2024-04-22,38,1
1735,50,2024-04-30,25,4
1736,127,2024-04-22,2,4
1737,61,2024-04-21,1,2
1738,248,2024-02-18,23,2
1739,95,2024-05-02,7,1
1740,195,2024-03-15,26,2
1741,255,2024-03-14,38,7
1742,169,2024-04-28,5,4
1743,279,2024-04-15,30,9
1744,423,2024-04-12,38,9
1745,225,2024-03-18,38,3
1746,437,2024-02-20,19,6
1747,360,2024-03-08,19,6
1748,16,2024-04-12,36,2
1749,329,2024-02-17,40,7
1750,303,2024-03-08,48,8
1751,8,2024-05-04,27,2
1752,276,2024-04-05,34,10
1753,78,2024-04-18,13,5
1754,388,2023-12-27,36,6
1755,180,2024-05-05,45,2
1756,356,2023-06-12,26,10
1757,443,2024-01-10,17,8
1758,323,2024-02-28,31,7
1759,26,2024-04-18,11,3
1760,258,2024-03-12,45,6
1761,232,2024-04-06,30,2
1762,195,2024-02-25,3,2
1763,67,2024-04-20,38,3
1764,454,2023-10-17,45,7
1765,21,2024-05-05,14,4
1766,455,2023-06-19,32,6
1767,130,2024-04-25,34,2
1768,96,2024-05-10,3,4
1769,68,2024-05-10,13,4
1770,105,2024-05-03,7,4
1771,499,2024-02-15,5,10
1772,305,2024-03-30,39,9
1773,103,2024-05-02,35,1
1774,198,2024-02-25,44,2
1775,448,2023-08-05,30,6
1776,298,2024-05-05,8,5
1777,76,2024-04-30,18,2
1778,216,2024-03-09,46,5
1779,382,2023-05-31,23,10
1780,311,2024-02-25,26,9
1781,90,2024-05-01,19,3
1782,36,2024-04-26,37,1
1783,135,2024-04-12,18,3
1784,455,2024-03-18,41,9
1785,120,2024-04-25,15,3
1786,37,2024-05-07,28,2
1787,497,2024-02-14,7,7
1788,279,2024-03-01,47,8
1789,477,2023-06-25,11,5
1790,110,2024-04-26,9,4
1791,25,2024-04-21,41,1
1792,179,2024-04-02,12,5
1793,8,2024-04-27,16,1
1794,364,2023-10-29,50,8
1795,278,2024-03-01,16,7
1796,30,2024-05-10,30,3
1797,165,2024-04-18,36,5
1798,361,2023-07-03,10,9
1799,22,2024-04-23,20,1
1800,472,2023-05-22,49,10
1801,465,2023-06-02,5,8
1802,419,2024-02-23,25,5
1803,128,2024-04-20,45,3
1804,482,2023-08-21,19,9
1805,106,2024-05-09,6,5
1806,195,2024-03-31,12,1
1807,74,2024-04-28,28,4
1808,483,2023-06-22,10,5
1809,100,2024-04-29,45,5
1810,44,2024-04-23,36,4
1811,298,2024-04-08,38,8
1812,27,2024-04-22,22,5
1813,163,2024-05-03,6,2
1814,334,2023-06-10,28,9
1815,70,2024-04-24,31,1
1816,428,2023-05-27,31,5
1817,69,2024-05-07,7,4
1818,361,2024-02-14,23,9
1819,52,2024-04-17,9,1
1820,489,2023-09-04,6,9
1821,389,2023-07-21,24,7
1822,478,2023-06-19,3,9
1823,386,2023-05-24,29,6
1824,131,2024-05-02,4,5
1825,231,2024-02-27,2,4
1826,82,2024-05-03,1,1
1827,426,2024-04-20,8,6
1828,250,2024-02-16,7,2
1829,99,2024-04-12,37,2
1830,167,2024-04-28,11,3
1831,429,2024-02-19,34,9
1832,471,2023-10-21,24,8
1833,272,2024-03-22,19,9
1834,366,2023-05-22,23,9
1835,223,2024-03-04,41,3
1836,17,2024-04-30,1,4
1837,134,2024-05-10,3,1
1838,13,2024-05-10,7,3
1839,250,2024-03-08,34,2
1840,493,2023-11-07,7,6
1841,11,2024-04-26,38,2
1842,473,2024-02-09,19,6
1843,318,2024-04-02,38,6
1844,355,2023-07-24,34,8
1845,251,2024-04-26,28,10
1846,85,2024-04-16,39,3
1847,393,2023-09-04,24,7
1848,189,2024-04-13,41,1
1849,236,2024-04-12,49,3
1850,483,2023-08-02,42,6
1851,399,2023-07-03,12,10
1852,283,2024-03-11,36,10
1853,168,2024-03-09,6,5
1854,409,2023-12-13,38,7
1855,261,2024-02-27,28,5
1856,437,2023-06-01,2,7
1857,497,2024-02-02,11,7
1858,276,2024-05-01,27,10
1859,239,2024-04-29,44,2
1860,75,2024-05-07,18,1
1861,144,2024-05-04,17,2
1862,382,2023-11-13,42,9
1863,377,2023-12-04,46,7
1864,11,2024-04-17,9,2
1865,490,2023-11-11,43,7
1866,173,2024-03-10,47,5
1867,128,2024-04-29,17,3
1868,103,2024-05-11,22,1
1869,68,2024-04-14,35,2
1870,150,2024-05-09,42,4
1871,382,2023-09-05,31,9
1872,71,2024-04-21,47,1
1873,290,2024-02-12,13,9
1874,183,2024-02-22,47,3
1875,128,2024-04-23,42,3
1876,199,2024-04-07,12,5
1877,134,2024-04-30,22,1
1878,6,2024-05-06,22,2
1879,332,2024-03-26,2,9
1880,11,2024-05-10,6,2
1881,387,2024-03-16,22,5
1882,393,2023-10-30,38,10
1883,88,2024-05-03,4,2
1884,398,2023-09-29,42,7
1885,479,2024-01-23,13,8
1886,371,2023-12-28,14,10
1887,413,2023-10-11,47,7
1888,283,2024-04-06,17,9
1889,476,2024-05-10,27,9
1890,69,2024-05-03,7,2
1891,94,2024-04-15,37,2
1892,177,2024-02-24,26,1
1893,164,2024-04-19,10,4
1894,255,2024-02-19,44,8
1895,35,2024-04-23,22,2
1896,485,2023-08-02,14,6
1897,113,2024-04-26,47,4
1898,144,2024-04-17,27,2
1899,245,2024-03-21,15,2
1900,110,2024-04-18,32,3
1901,109,2024-05-08,39,4
1902,414,2024-02-09,3,9
1903,111,2024-04-21,12,3
1904,271,2024-02-27,13,10
1905,207,2024-03-19,4,4
1906,2,2024-04-18,6,1
1907,98,2024-04-23,12,3
1908,484,2023-12-13,38,8
1909,471,2023-07-08,26,6
1910,365,2023-12-10,49,9
1911,330,2024-03-21,47,9
1912,101,2024-05-03,16,5
1913,127,2024-04-16,15,3
1914,291,2024-03-01,28,7
1915,283,2024-03-03,3,6
1916,468,2024-03-30,10,9
1917,89,2024-05-04,6,3
1918,401,2023-09-21,24,6
1919,191,2024-04-01,20,4
1920,423,2023-10-30,50,8
1921,55,2024-05-02,19,1
1922,399,2023-12-09,29,5
1923,400,2023-11-09,7,10
1924,287,2024-04-10,7,8
1925,453,2023-11-10,29,7
1926,417,2023-12-21,19,7
1927,428,2024-02-29,11,7
1928,424,2023-11-03,4,7
1929,121,2024-05-06,19,2
1930,117,2024-04-25,14,5
1931,30,2024-05-11,33,1
1932,462,2024-01-29,20,10
1933,457,2023-12-11,8,7
1934,56,2024-04-26,13,1
1935,337,2024-04-30,21,7
1936,402,2024-01-05,28,6
1937,105,2024-05-08,10,2
1938,217,2024-04-08,22,3
1939,156,2024-05-01,13,3
1940,128,2024-05-10,37,4
1941,335,2024-04-28,47,8
1942,112,2024-04-25,20,5
1943,268,2024-05-09,39,10
1944,234,2024-02-19,48,4
1945,176,2024-04-20,6,1
1946,248,2024-04-11,21,3
1947,135,2024-04-30,3,1
1948,492,2023-11-25,46,10
1949,177,2024-05-08,30,2
1950,179,2024-02-14,36,5
1951,140,2024-04-26,15,5
1952,163,2024-05-10,40,1
1953,200,2024-03-08,40,4
1954,74,2024-04-24,40,3
1955,248,2024-03-18,47,1
1956,227,2024-04-13,28,5
1957,216,2024-05-03,16,5
1958,470,2024-03-13,50,9
1959,49,2024-04-26,6,5
1960,8,2024-04-24,40,4
1961,453,2024-04-09,50,8
1962,1,2024-05-07,37,3
1963,412,2024-02-21,1,6
1964,76,2024-04-28,27,4
1965,312,2024-03-13,20,9
1966,273,2024-03-20,37,10
1967,190,2024-02-19,47,5
1968,138,2024-04-27,25,4
1969,360,2023-06-08,30,9
1970,444,2023-10-21,23,7
1971,340,2023-08-10,48,9
1972,59,2024-04-13,26,1
1973,62,2024-04-30,5,3
1974,392,2023-10-15,50,9
1975,257,2024-05-07,1,7
1976,275,2024-03-04,45,5
1977,67,2024-04-29,25,4
1978,497,2023-09-19,12,9
1979,190,2024-02-15,32,3
1980,386,2024-04-06,27,7
1981,3,2024-05-05,13,1
1982,481,2023-12-04,46,7
1983,26,2024-04-16,13,1
1984,482,2023-11-21,33,9
1985,395,2023-11-05,49,8
1986,18,2024-05-08,17,3
1987,499,2023-09-26,4,9
1988,1,2024-04-12,37,1
1989,493,2023-12-31,25,7
1990,417,2023-11-11,2,5
1991,147,2024-05-02,42,3
1992,467,2023-08-20,38,6
1993,103,2024-04-30,20,5
1994,371,2024-04-02,5,7
1995,332,2024-05-04,35,9
1996,82,2024-05-10,45,2
1997,207,2024-03-17,36,4
1998,298,2024-04-16,17,9
1999,146,2024-04-25,35,1
2000,346,2023-11-10,10,8
